venta_id,cliente_id,fecha,total,moneda,canal
1001,66,2025-03-27,1316.31,DOP,kiosko
1002,24,2025-01-09,2912.88,DOP,web
1003,208,2025-02-17,464.1,DOP,callcenter
1004,85,2025-03-13,2348.35,DOP,kiosko
1005,185,2025-02-24,189.55,DOP,web
1006,148,2025-01-14,1780.87,DOP,web
1007,90,2025-01-14,2960.35,DOP,tienda
1008,58,2025-03-15,2827.2,DOP,callcenter
1009,158,2025-03-21,2365.67,DOP,tienda
1010,213,2025-03-26,2430.21,DOP,web
1011,87,2025-02-09,1235.07,DOP,web
1012,103,2025-03-26,252.85,DOP,callcenter
1013,192,2025-01-12,1861.38,DOP,web
1014,95,2025-01-21,1097.61,DOP,kiosko
1015,22,2025-03-18,3092.86,DOP,tienda
1016,173,2025-01-07,294.72,DOP,web
1017,114,2025-03-19,1455.5,DOP,web
1018,111,2025-02-14,397.01,DOP,tienda
1019,171,2025-03-09,1086.38,DOP,callcenter
1020,2,2025-01-08,723.44,USD,tienda
1021,75,2025-02-02,1155.15,DOP,tienda
1022,34,2025-01-23,1336.92,DOP,web
1023,207,2025-03-27,1246.04,DOP,tienda
1024,5,2025-02-25,1614.54,DOP,web
1025,147,2025-02-24,1421.44,DOP,web
1026,6,2025-02-21,3382.04,DOP,kiosko
1027,213,2025-02-28,2416.74,DOP,web
1028,63,2025-01-14,1530.51,DOP,web
1029,191,2025-02-09,1194.9,DOP,web
1030,163,2025-03-07,407.95,DOP,kiosko
1031,90,2025-02-14,2548.55,DOP,tienda
1032,27,2025-01-31,521.09,DOP,tienda
1033,20,2025-03-25,628.24,DOP,web
1034,195,2025-03-14,2032.34,DOP,kiosko
1035,163,2025-03-24,3453.0,DOP,callcenter
1036,39,2025-02-10,1544.77,DOP,tienda
1037,152,2025-02-05,206.04,DOP,web
1038,10,2025-02-27,208.55,DOP,web
1039,158,2025-01-12,2083.34,DOP,tienda
1040,116,2025-01-06,3182.58,DOP,web
1041,122,2025-03-19,1759.77,USD,web
1042,183,2025-02-13,304.31,DOP,web
1043,113,2025-04-01,3468.54,DOP,tienda
1044,96,2025-02-16,3213.6,DOP,tienda
1045,154,2025-03-28,192.76,DOP,web
1046,25,2025-02-12,1957.29,DOP,web
1047,155,2025-03-26,3057.75,DOP,tienda
1048,90,2025-01-19,1092.71,DOP,tienda
1049,153,2025-01-17,2483.83,DOP,tienda
1050,203,2025-03-24,1156.38,DOP,tienda
1051,135,2025-03-29,336.15,DOP,web
1052,93,2025-01-03,1087.94,USD,web
1053,50,2025-03-04,800.64,DOP,web
1054,130,2025-01-13,2700.35,DOP,kiosko
1055,170,2025-01-05,1185.31,DOP,web
1056,40,2025-02-18,576.24,DOP,tienda
1057,185,2025-01-22,1537.48,DOP,tienda
1058,114,2025-01-31,2140.98,DOP,tienda
1059,137,2025-01-30,844.7,USD,tienda
1060,95,2025-01-25,2377.29,DOP,web
1061,200,2025-02-06,1342.73,DOP,callcenter
1062,206,2025-01-26,2120.28,DOP,web
1063,96,2025-03-03,1945.35,DOP,tienda
1064,73,2025-01-16,302.72,DOP,web
1065,38,2025-03-07,2910.35,DOP,kiosko
1066,90,2025-02-27,3257.35,DOP,web
1067,61,2025-02-17,1357.72,DOP,web
1068,26,2025-02-10,2938.73,DOP,tienda
1069,10,2025-01-18,1011.21,DOP,tienda
1070,195,2025-01-18,2472.32,DOP,web
1071,5,2025-01-11,903.17,DOP,web
1072,136,2025-03-19,1487.16,DOP,web
1073,13,2025-01-16,842.15,DOP,tienda
1074,29,2025-01-09,2930.04,DOP,web
1075,132,2025-03-22,2016.92,DOP,web
1076,158,2025-01-01,1241.33,DOP,web
1077,22,2025-03-27,1836.96,DOP,callcenter
1078,130,2025-03-11,2754.58,DOP,web
1079,12,2025-03-02,2228.49,USD,web
1080,92,2025-01-03,2761.93,DOP,tienda
1081,27,2025-03-22,2702.54,DOP,web
1082,91,2025-01-06,1915.59,DOP,web
1083,119,2025-03-29,3433.06,DOP,web
1084,17,2025-01-18,2509.0,USD,web
1085,12,2025-01-26,2770.97,DOP,web
1086,132,2025-02-09,1399.8,DOP,web
1087,193,2025-01-05,2267.68,DOP,kiosko
1088,168,2025-01-07,1168.42,DOP,web
1089,191,2025-02-21,1544.68,USD,web
1090,128,2025-01-24,2425.32,DOP,tienda
1091,206,2025-02-04,298.31,DOP,web
1092,140,2025-01-24,1035.24,DOP,web
1093,79,2025-02-07,1566.25,DOP,web
1094,90,2025-02-26,1570.48,DOP,kiosko
1095,112,2025-03-20,968.2,USD,kiosko
1096,172,2025-01-10,2234.92,DOP,tienda
1097,41,2025-03-28,3335.23,DOP,tienda
1098,9,2025-02-26,450.54,DOP,tienda
1099,99,2025-02-16,3323.64,DOP,web
1100,95,2025-02-27,1308.33,DOP,tienda
1101,94,2025-03-09,1399.14,DOP,web
1102,7,2025-01-15,2577.51,DOP,web
1103,31,2025-03-13,923.6,DOP,web
1104,74,2025-03-20,2431.99,USD,web
1105,219,2025-01-18,268.44,DOP,tienda
1106,208,2025-01-12,2389.93,DOP,web
1107,182,2025-02-14,236.64,DOP,kiosko
1108,183,2025-01-21,2486.38,DOP,web
1109,131,2025-02-16,792.6,USD,tienda
1110,203,2025-01-31,1734.14,DOP,tienda
1111,206,2025-03-01,3440.71,DOP,kiosko
1112,80,2025-01-09,1399.58,DOP,web
1113,197,2025-02-22,1438.92,DOP,web
1114,165,2025-02-10,268.84,DOP,web
1115,213,2025-01-17,2733.12,DOP,web
1116,111,2025-01-17,1764.99,DOP,tienda
1117,40,2025-03-08,1071.39,DOP,kiosko
1118,89,2025-01-29,3316.72,DOP,web
1119,65,2025-01-11,695.09,USD,web
1120,78,2025-03-22,2154.35,DOP,tienda
1121,149,2025-03-17,548.14,DOP,tienda
1122,87,2025-03-19,2950.43,DOP,tienda
1123,21,2025-01-04,168.66,DOP,tienda
1124,54,2025-03-25,2686.69,DOP,tienda
1125,161,2025-03-05,1914.07,DOP,web
1126,207,2025-02-01,2827.65,DOP,web
1127,16,2025-03-30,561.7,DOP,web
1128,156,2025-02-13,511.4,DOP,web
1129,103,2025-02-14,466.37,DOP,tienda
1130,62,2025-02-10,1637.99,DOP,web
1131,13,2025-01-13,1022.84,DOP,tienda
1132,41,2025-02-01,2849.04,USD,tienda
1133,196,2025-01-25,566.11,USD,web
1134,128,2025-02-09,90.89,USD,web
1135,56,2025-01-31,2045.87,DOP,web
1136,216,2025-03-18,2293.37,DOP,web
1137,111,2025-01-14,477.43,DOP,web
1138,94,2025-02-21,167.9,DOP,tienda
1139,142,2025-02-16,1017.22,DOP,web
1140,72,2025-03-12,2890.34,DOP,tienda
1141,25,2025-01-17,1384.72,DOP,web
1142,194,2025-02-16,513.49,DOP,web
1143,12,2025-01-06,145.81,DOP,tienda
1144,117,2025-03-08,529.8,DOP,web
1145,82,2025-03-20,577.13,USD,tienda
1146,152,2025-02-08,1183.94,DOP,web
1147,145,2025-04-01,1056.27,DOP,web
1148,29,2025-03-28,3429.84,DOP,tienda
1149,162,2025-03-30,103.0,DOP,callcenter
1150,148,2025-03-16,804.13,DOP,web
1151,162,2025-03-09,2526.93,DOP,web
1152,63,2025-03-29,120.18,USD,web
1153,113,2025-01-03,1104.79,DOP,tienda
1154,129,2025-02-22,2714.65,USD,kiosko
1155,181,2025-01-08,491.91,DOP,web
1156,123,2025-03-26,1843.92,DOP,web
1157,88,2025-03-10,1916.49,DOP,kiosko
1158,165,2025-03-29,2814.75,DOP,web
1159,72,2025-02-01,1957.72,DOP,callcenter
1160,198,2025-02-08,1018.62,DOP,tienda
1161,123,2025-02-10,1227.32,USD,tienda
1162,74,2025-02-05,435.34,DOP,web
1163,210,2025-02-20,1214.52,DOP,web
1164,74,2025-01-06,3344.04,DOP,kiosko
1165,66,2025-03-25,2618.21,DOP,tienda
1166,144,2025-02-04,2439.64,DOP,tienda
1167,62,2025-03-17,856.18,DOP,web
1168,60,2025-03-23,193.19,DOP,tienda
1169,175,2025-01-13,2699.97,DOP,tienda
1170,105,2025-01-21,2288.6,DOP,web
1171,52,2025-03-25,2648.13,DOP,web
1172,197,2025-01-08,322.22,DOP,web
1173,45,2025-01-05,1468.42,DOP,kiosko
1174,215,2025-01-05,1395.51,DOP,kiosko
1175,10,2025-02-07,42.34,DOP,web
1176,73,2025-02-12,1595.68,DOP,web
1177,218,2025-01-18,1769.7,DOP,tienda
1178,42,2025-02-12,2561.61,DOP,tienda
1179,189,2025-01-02,1186.52,DOP,tienda
1180,45,2025-01-25,2142.23,DOP,web
1181,132,2025-02-24,1154.46,DOP,web
1182,123,2025-01-18,1139.37,DOP,web
1183,115,2025-01-31,2640.61,USD,web
1184,3,2025-03-15,922.82,DOP,web
1185,31,2025-03-27,1634.23,DOP,tienda
1186,198,2025-04-01,1095.31,DOP,kiosko
1187,95,2025-02-07,2155.04,DOP,web
1188,117,2025-01-20,2619.59,DOP,web
1189,121,2025-03-12,2653.15,DOP,tienda
1190,175,2025-02-01,2644.04,DOP,web
1191,136,2025-02-27,2466.14,DOP,tienda
1192,213,2025-01-08,1921.3,DOP,tienda
1193,43,2025-01-20,1155.13,DOP,web
1194,184,2025-01-27,2045.19,DOP,web
1195,117,2025-01-08,470.49,DOP,tienda
1196,119,2025-03-13,2357.96,DOP,web
1197,210,2025-02-02,20.52,DOP,web
1198,89,2025-02-24,2454.34,DOP,web
1199,121,2025-01-09,120.75,DOP,tienda
1200,187,2025-03-24,2264.12,DOP,callcenter
1201,115,2025-02-18,3044.97,USD,web
1202,170,2025-03-29,3062.19,DOP,kiosko
1203,46,2025-01-16,3475.04,DOP,web
1204,214,2025-01-29,22.12,DOP,web
1205,185,2025-03-28,1910.11,DOP,tienda
1206,118,2025-02-01,1218.1,DOP,kiosko
1207,9,2025-01-15,2835.08,DOP,tienda
1208,62,2025-01-03,729.22,DOP,web
1209,173,2025-03-18,2464.47,DOP,tienda
1210,113,2025-02-21,827.84,DOP,kiosko
1211,36,2025-01-08,1768.6,DOP,tienda
1212,82,2025-03-15,2025.39,DOP,tienda
1213,78,2025-01-31,3068.14,USD,web
1214,77,2025-02-22,970.29,DOP,tienda
1215,161,2025-01-23,2378.84,DOP,web
1216,165,2025-02-14,2352.99,DOP,web
1217,105,2025-02-23,530.77,DOP,tienda
1218,62,2025-03-02,2974.2,DOP,tienda
1219,15,2025-03-01,1972.73,USD,tienda
1220,100,2025-01-18,857.58,DOP,tienda
1221,217,2025-02-27,1305.06,DOP,tienda
1222,69,2025-01-07,1326.32,DOP,web
1223,49,2025-01-10,2818.23,DOP,tienda
1224,123,2025-01-28,739.02,USD,web
1225,55,2025-01-02,3280.69,USD,web
1226,63,2025-03-03,2437.74,DOP,web
1227,142,2025-01-31,1132.44,DOP,web
1228,92,2025-03-25,1086.39,DOP,kiosko
1229,26,2025-03-01,2811.83,DOP,tienda
1230,53,2025-02-10,1303.76,DOP,tienda
1231,190,2025-01-29,519.27,DOP,kiosko
1232,185,2025-03-16,1467.35,DOP,web
1233,146,2025-02-18,2918.44,DOP,tienda
1234,87,2025-03-29,908.07,DOP,callcenter
1235,190,2025-03-24,1722.18,DOP,tienda
1236,36,2025-01-22,2523.89,DOP,kiosko
1237,165,2025-03-11,3350.76,DOP,tienda
1238,210,2025-01-10,2342.07,DOP,web
1239,60,2025-03-22,247.21,DOP,web
1240,96,2025-02-28,220.97,DOP,kiosko
1241,169,2025-03-03,1712.61,DOP,tienda
1242,5,2025-01-02,1857.67,DOP,callcenter
1243,129,2025-01-03,2847.92,DOP,tienda
1244,28,2025-01-23,3213.99,DOP,web
1245,135,2025-03-21,890.94,DOP,tienda
1246,96,2025-01-11,3357.95,DOP,web
1247,58,2025-03-31,1056.91,DOP,web
1248,195,2025-03-25,120.58,DOP,web
1249,15,2025-03-02,2232.25,DOP,web
1250,166,2025-02-25,2747.47,DOP,kiosko
1251,136,2025-01-13,3217.84,DOP,kiosko
1252,146,2025-03-30,1669.5,DOP,web
1253,140,2025-02-05,1976.65,DOP,kiosko
1254,5,2025-02-10,3365.53,DOP,tienda
1255,20,2025-02-20,1054.48,DOP,tienda
1256,174,2025-02-19,3138.87,DOP,tienda
1257,203,2025-01-18,3459.79,DOP,web
1258,14,2025-02-14,350.92,DOP,web
1259,197,2025-03-19,2152.39,DOP,callcenter
1260,8,2025-02-11,2223.09,DOP,web
1261,92,2025-01-30,1940.1,DOP,web
1262,170,2025-03-16,1336.45,DOP,web
1263,183,2025-02-01,266.54,DOP,web
1264,40,2025-03-23,2591.4,DOP,web
1265,79,2025-01-01,1562.13,DOP,web
1266,48,2025-01-12,1514.12,DOP,web
1267,7,2025-01-14,322.77,DOP,tienda
1268,99,2025-02-11,53.07,DOP,tienda
1269,63,2025-03-13,2006.14,DOP,web
1270,69,2025-01-18,1060.95,DOP,web
1271,71,2025-02-25,1479.65,DOP,web
1272,64,2025-02-02,2525.94,DOP,tienda
1273,28,2025-02-28,482.86,DOP,web
1274,98,2025-03-21,2816.23,DOP,web
1275,153,2025-03-25,485.07,DOP,kiosko
1276,123,2025-01-26,1106.5,USD,callcenter
1277,189,2025-02-07,2435.4,DOP,tienda
1278,84,2025-02-01,1322.43,DOP,web
1279,145,2025-01-15,707.3,USD,web
1280,7,2025-03-12,3335.99,DOP,tienda
1281,205,2025-02-26,1026.75,DOP,tienda
1282,173,2025-02-22,1752.57,DOP,web
1283,40,2025-03-26,2506.18,DOP,web
1284,123,2025-03-18,2042.03,DOP,kiosko
1285,108,2025-03-30,1907.32,DOP,web
1286,153,2025-03-10,2237.25,DOP,tienda
1287,171,2025-03-26,1248.98,DOP,web
1288,174,2025-03-24,2267.14,USD,web
1289,28,2025-02-25,46.81,DOP,web
1290,143,2025-03-08,2036.01,DOP,web
1291,119,2025-02-20,2705.47,DOP,web
1292,7,2025-02-14,1694.87,DOP,kiosko
1293,30,2025-01-11,2911.3,DOP,web
1294,117,2025-02-13,2747.1,DOP,web
1295,113,2025-01-13,2529.76,DOP,web
1296,208,2025-01-06,2490.62,DOP,web
1297,174,2025-01-14,2802.17,USD,tienda
1298,45,2025-03-08,1936.17,DOP,web
1299,60,2025-03-01,2794.17,DOP,web
1300,111,2025-03-26,1390.58,DOP,kiosko
1301,152,2025-02-27,1509.14,DOP,web
1302,193,2025-02-05,2466.12,DOP,tienda
1303,48,2025-03-10,1286.62,DOP,web
1304,126,2025-03-27,1851.73,DOP,tienda
1305,101,2025-03-20,2058.65,DOP,tienda
1306,45,2025-03-21,2849.95,DOP,web
1307,152,2025-03-20,305.78,DOP,web
1308,30,2025-02-09,648.83,DOP,web
1309,153,2025-02-23,491.16,DOP,web
1310,138,2025-03-23,2430.08,DOP,callcenter
1311,43,2025-03-13,1718.85,DOP,web
1312,159,2025-02-27,197.1,DOP,web
1313,50,2025-01-18,2855.1,USD,web
1314,105,2025-03-05,2399.59,DOP,tienda
1315,43,2025-03-04,298.52,DOP,tienda
1316,9,2025-02-07,969.24,DOP,web
1317,145,2025-02-28,2601.39,DOP,web
1318,147,2025-01-15,408.58,DOP,tienda
1319,139,2025-02-16,2880.91,DOP,tienda
1320,56,2025-03-11,3464.32,DOP,tienda
1321,77,2025-02-01,3063.09,DOP,web
1322,113,2025-01-12,3029.86,DOP,tienda
1323,208,2025-01-27,2584.27,DOP,kiosko
1324,162,2025-03-20,1504.3,DOP,tienda
1325,207,2025-01-27,217.16,DOP,web
1326,44,2025-03-10,1139.55,DOP,web
1327,220,2025-02-04,1805.31,USD,tienda
1328,193,2025-01-18,2752.06,USD,callcenter
1329,33,2025-03-25,2457.98,DOP,web
1330,213,2025-02-11,873.97,DOP,web
1331,148,2025-01-19,2217.08,DOP,web
1332,163,2025-01-10,2783.15,DOP,web
1333,178,2025-02-05,3277.81,DOP,callcenter
1334,149,2025-02-11,18.63,DOP,tienda
1335,163,2025-02-28,2327.86,DOP,web
1336,102,2025-03-10,770.23,DOP,web
1337,83,2025-02-04,2900.92,DOP,tienda
1338,219,2025-03-14,1703.83,DOP,tienda
1339,12,2025-01-07,357.52,DOP,web
1340,220,2025-01-16,561.36,DOP,callcenter
1341,52,2025-02-24,3484.97,USD,kiosko
1342,41,2025-02-08,3061.74,DOP,web
1343,65,2025-02-16,297.65,DOP,tienda
1344,102,2025-01-07,2193.36,DOP,tienda
1345,168,2025-02-24,328.29,DOP,web
1346,34,2025-01-10,2081.94,DOP,web
1347,179,2025-01-02,1209.07,DOP,kiosko
1348,34,2025-03-30,1677.17,DOP,web
1349,27,2025-01-14,1103.6,DOP,web
1350,165,2025-01-18,3475.36,DOP,web
1351,157,2025-01-02,2278.57,DOP,tienda
1352,192,2025-03-22,538.3,DOP,tienda
1353,23,2025-01-28,3139.11,DOP,web
1354,90,2025-02-19,3371.74,DOP,web
1355,166,2025-02-05,304.03,DOP,tienda
1356,73,2025-03-19,2728.6,DOP,tienda
1357,78,2025-03-26,727.01,DOP,web
1358,76,2025-02-20,2265.13,DOP,tienda
1359,127,2025-01-31,1356.74,DOP,tienda
1360,136,2025-01-10,3111.65,DOP,web
1361,34,2025-02-10,1360.07,DOP,web
1362,175,2025-03-11,612.97,DOP,callcenter
1363,5,2025-01-10,2059.9,DOP,web
1364,203,2025-01-08,1398.93,DOP,tienda
1365,109,2025-02-23,2459.32,DOP,web
1366,40,2025-03-20,978.36,DOP,web
1367,207,2025-01-27,552.27,DOP,tienda
1368,175,2025-03-25,2254.61,DOP,web
1369,15,2025-01-31,863.23,USD,web
1370,156,2025-03-20,202.05,DOP,tienda
1371,31,2025-01-23,54.2,DOP,web
1372,89,2025-03-05,1835.29,DOP,tienda
1373,96,2025-01-22,452.99,DOP,web
1374,198,2025-01-16,3150.64,DOP,web
1375,17,2025-03-09,927.69,USD,tienda
1376,117,2025-03-05,1792.63,DOP,kiosko
1377,95,2025-01-22,559.01,DOP,kiosko
1378,186,2025-03-28,412.51,DOP,web
1379,63,2025-01-02,170.48,DOP,kiosko
1380,220,2025-01-23,133.42,DOP,tienda
1381,108,2025-03-25,793.56,DOP,kiosko
1382,70,2025-02-10,2892.73,DOP,web
1383,14,2025-03-28,635.91,DOP,callcenter
1384,18,2025-02-21,3070.7,DOP,tienda
1385,84,2025-02-09,311.49,DOP,web
1386,145,2025-02-07,2747.93,DOP,web
1387,152,2025-02-17,3401.78,USD,tienda
1388,195,2025-03-11,2787.95,DOP,kiosko
1389,60,2025-01-04,1899.99,DOP,tienda
1390,86,2025-01-02,15.1,DOP,tienda
1391,27,2025-02-09,726.13,USD,web
1392,37,2025-01-08,2493.67,DOP,kiosko
1393,106,2025-03-08,2455.96,DOP,callcenter
1394,149,2025-01-11,343.56,DOP,tienda
1395,152,2025-01-10,1991.69,DOP,callcenter
1396,75,2025-01-31,920.86,DOP,tienda
1397,213,2025-03-31,2576.38,DOP,web
1398,52,2025-01-10,485.03,DOP,web
1399,43,2025-01-14,1578.99,DOP,web
1400,198,2025-02-15,734.65,DOP,web
1401,24,2025-01-16,560.08,DOP,tienda
1402,155,2025-03-31,150.75,DOP,web
1403,183,2025-01-12,876.28,DOP,web
1404,77,2025-03-28,917.98,USD,web
1405,219,2025-02-21,1588.18,DOP,web
1406,27,2025-03-01,2815.6,DOP,web
1407,34,2025-01-29,701.48,DOP,tienda
1408,22,2025-03-24,2042.31,DOP,tienda
1409,17,2025-01-03,700.15,DOP,tienda
1410,217,2025-01-12,2904.45,DOP,web
1411,13,2025-03-01,596.28,DOP,tienda
1412,128,2025-02-20,112.89,DOP,web
1413,48,2025-01-28,969.69,DOP,web
1414,159,2025-03-20,2163.25,DOP,web
1415,123,2025-03-12,222.82,DOP,web
1416,165,2025-01-26,3097.44,DOP,tienda
1417,204,2025-03-11,78.16,DOP,tienda
1418,140,2025-03-03,2737.21,DOP,tienda
1419,100,2025-02-11,953.82,DOP,tienda
1420,208,2025-01-04,2727.1,DOP,callcenter
1421,92,2025-03-09,2686.28,USD,callcenter
1422,64,2025-01-13,2302.46,DOP,tienda
1423,196,2025-01-08,3487.41,DOP,tienda
1424,91,2025-02-19,3273.87,USD,web
1425,152,2025-01-31,1119.84,DOP,web
1426,8,2025-03-17,2465.05,DOP,tienda
1427,145,2025-01-19,3319.81,DOP,tienda
1428,139,2025-03-05,1088.6,DOP,web
1429,155,2025-01-30,773.64,DOP,web
1430,52,2025-03-20,2824.49,DOP,web
1431,16,2025-02-11,86.48,DOP,kiosko
1432,217,2025-01-15,1846.77,DOP,web
1433,170,2025-04-01,1390.63,DOP,web
1434,41,2025-01-18,2565.91,DOP,tienda
1435,167,2025-03-04,1117.32,DOP,tienda
1436,202,2025-03-20,1255.32,DOP,tienda
1437,79,2025-02-18,2571.64,DOP,web
1438,180,2025-01-01,3320.96,DOP,callcenter
1439,9,2025-03-14,645.47,DOP,tienda
1440,57,2025-03-20,2242.37,DOP,web
1441,191,2025-02-12,281.55,DOP,web
1442,23,2025-03-23,2877.6,DOP,tienda
1443,115,2025-02-12,49.77,DOP,tienda
1444,66,2025-02-14,2756.7,DOP,web
1445,188,2025-02-26,1474.59,DOP,web
1446,90,2025-02-18,1915.62,DOP,web
1447,167,2025-03-15,2656.27,DOP,web
1448,76,2025-01-05,80.07,DOP,web
1449,44,2025-02-13,3108.88,DOP,web
1450,87,2025-01-12,2083.17,DOP,web
1451,111,2025-01-04,3299.12,DOP,kiosko
1452,14,2025-01-21,363.39,DOP,web
1453,142,2025-03-31,2529.91,DOP,web
1454,77,2025-02-06,839.04,DOP,tienda
1455,40,2025-03-04,200.22,DOP,web
1456,161,2025-03-26,2104.75,DOP,web
1457,164,2025-01-22,1028.42,DOP,tienda
1458,201,2025-02-09,1397.16,DOP,tienda
1459,165,2025-01-12,1909.0,DOP,kiosko
1460,48,2025-02-17,1565.76,DOP,web
1461,215,2025-01-29,947.28,DOP,tienda
1462,25,2025-03-27,309.12,DOP,web
1463,59,2025-03-17,1942.07,DOP,tienda
1464,138,2025-02-23,2407.87,USD,tienda
1465,122,2025-01-31,1052.99,DOP,kiosko
1466,129,2025-01-05,2003.56,DOP,tienda
1467,38,2025-03-21,429.78,DOP,web
1468,55,2025-01-22,2831.53,DOP,web
1469,112,2025-03-29,714.7,DOP,web
1470,67,2025-03-18,1125.93,DOP,tienda
1471,100,2025-01-12,1951.71,DOP,kiosko
1472,118,2025-03-08,3210.9,DOP,tienda
1473,134,2025-03-17,2738.08,DOP,web
1474,151,2025-03-14,2043.54,USD,web
1475,145,2025-01-14,2730.61,DOP,kiosko
1476,106,2025-02-14,931.84,DOP,tienda
1477,10,2025-03-02,610.98,DOP,tienda
1478,178,2025-03-29,1412.0,DOP,kiosko
1479,61,2025-03-30,182.03,DOP,web
1480,6,2025-02-17,1189.15,DOP,web
1481,220,2025-03-04,2439.68,DOP,kiosko
1482,77,2025-01-18,3410.03,DOP,tienda
1483,187,2025-02-04,1464.54,DOP,web
1484,211,2025-01-28,1431.02,DOP,web
1485,211,2025-02-17,206.16,DOP,web
1486,130,2025-04-01,1417.81,DOP,web
1487,8,2025-03-14,616.34,DOP,web
1488,64,2025-01-08,125.42,DOP,web
1489,71,2025-01-26,1295.55,DOP,web
1490,175,2025-01-16,116.67,DOP,tienda
1491,122,2025-01-23,2058.21,DOP,web
1492,192,2025-02-03,2909.74,DOP,web
1493,42,2025-01-07,2989.84,DOP,web
1494,166,2025-01-29,795.64,DOP,tienda
1495,6,2025-03-07,3027.56,USD,tienda
1496,34,2025-03-02,2269.33,DOP,web
1497,156,2025-02-02,2819.75,DOP,callcenter
1498,71,2025-03-24,1489.09,DOP,web
1499,56,2025-02-02,1638.78,DOP,tienda
1500,150,2025-02-20,367.07,DOP,tienda
1501,144,2025-02-17,2269.22,DOP,web
1502,124,2025-01-14,232.79,USD,tienda
1503,67,2025-02-05,2299.86,USD,tienda
1504,39,2025-01-25,1815.35,DOP,web
1505,104,2025-03-18,2315.25,DOP,tienda
1506,128,2025-03-25,3491.17,DOP,web
1507,189,2025-02-19,133.26,DOP,tienda
1508,88,2025-01-25,2545.66,DOP,web
1509,172,2025-03-02,1261.15,DOP,web
1510,143,2025-03-26,642.16,DOP,web
1511,186,2025-02-03,2831.12,DOP,web
1512,86,2025-03-29,2293.98,DOP,web
1513,108,2025-02-09,2760.44,DOP,web
1514,119,2025-02-07,2980.74,DOP,kiosko
1515,149,2025-03-16,3305.61,DOP,kiosko
1516,31,2025-03-06,3037.57,DOP,web
1517,219,2025-01-07,536.22,USD,web
1518,118,2025-03-14,509.85,DOP,web
1519,125,2025-01-11,1170.88,USD,web
1520,2,2025-01-08,1587.67,DOP,tienda
1521,196,2025-03-15,562.94,DOP,tienda
1522,158,2025-01-17,1523.65,DOP,web
1523,99,2025-03-03,26.3,DOP,tienda
1524,83,2025-01-02,2651.4,DOP,web
1525,161,2025-01-01,2570.28,DOP,kiosko
1526,34,2025-02-09,368.45,DOP,web
1527,211,2025-01-09,169.56,USD,web
1528,153,2025-03-08,1839.17,DOP,tienda
1529,88,2025-01-18,3486.52,DOP,tienda
1530,208,2025-01-22,1417.84,DOP,tienda
1531,55,2025-01-17,2571.93,DOP,web
1532,183,2025-02-16,2280.39,DOP,kiosko
1533,198,2025-02-02,1876.22,DOP,callcenter
1534,28,2025-03-26,2290.95,DOP,tienda
1535,114,2025-02-23,1337.09,DOP,web
1536,53,2025-01-20,2436.22,DOP,web
1537,26,2025-03-26,2322.07,DOP,tienda
1538,108,2025-01-18,2908.98,DOP,tienda
1539,73,2025-01-16,407.9,DOP,web
1540,200,2025-01-26,927.85,DOP,web
1541,105,2025-04-01,1040.78,DOP,web
1542,177,2025-01-27,3266.6,DOP,web
1543,23,2025-03-27,3175.01,DOP,tienda
1544,24,2025-01-20,2730.55,DOP,tienda
1545,165,2025-02-02,816.75,USD,web
1546,13,2025-03-01,358.33,DOP,web
1547,93,2025-02-07,2807.57,DOP,tienda
1548,218,2025-01-13,2656.13,DOP,kiosko
1549,166,2025-03-26,605.09,DOP,web
1550,69,2025-03-21,3075.88,DOP,tienda
1551,30,2025-01-24,1408.71,USD,web
1552,177,2025-02-19,2978.84,DOP,tienda
1553,29,2025-01-22,472.47,DOP,callcenter
1554,27,2025-01-21,1461.94,DOP,tienda
1555,113,2025-03-28,642.6,DOP,web
1556,176,2025-01-04,3081.03,DOP,kiosko
1557,125,2025-03-03,404.15,DOP,web
1558,168,2025-02-03,1106.69,DOP,tienda
1559,186,2025-03-15,1981.89,USD,tienda
1560,133,2025-02-13,1835.63,DOP,web
1561,187,2025-03-26,877.53,DOP,tienda
1562,39,2025-02-19,2938.23,DOP,callcenter
1563,3,2025-01-07,2255.46,DOP,tienda
1564,43,2025-03-05,271.28,DOP,web
1565,13,2025-02-05,1779.18,DOP,web
1566,21,2025-01-31,1612.24,DOP,web
1567,115,2025-03-05,1113.05,USD,tienda
1568,27,2025-01-03,1418.0,DOP,web
1569,203,2025-01-12,2118.67,DOP,web
1570,144,2025-03-07,731.91,DOP,callcenter
1571,212,2025-02-16,199.42,DOP,web
1572,197,2025-03-13,2172.96,DOP,tienda
1573,30,2025-02-27,350.06,DOP,web
1574,213,2025-02-15,2221.48,DOP,web
1575,180,2025-02-17,381.06,DOP,web
1576,28,2025-02-22,897.47,DOP,web
1577,56,2025-02-20,1605.09,DOP,tienda
1578,194,2025-01-14,1456.5,USD,tienda
1579,32,2025-03-17,2704.79,DOP,tienda
1580,35,2025-03-06,3373.85,DOP,tienda
1581,111,2025-03-12,2937.47,DOP,web
1582,178,2025-01-23,2029.15,DOP,web
1583,169,2025-02-19,2105.91,DOP,web
1584,108,2025-02-19,3428.46,USD,tienda
1585,102,2025-02-05,3372.94,USD,web
1586,36,2025-01-18,1450.48,DOP,tienda
1587,216,2025-02-08,2458.22,DOP,tienda
1588,162,2025-03-12,768.53,DOP,tienda
1589,89,2025-03-29,3224.96,DOP,tienda
1590,129,2025-01-23,1903.3,DOP,tienda
1591,144,2025-02-15,1686.49,DOP,tienda
1592,173,2025-02-23,2620.06,DOP,web
1593,207,2025-02-24,54.57,DOP,web
1594,172,2025-01-07,207.55,DOP,tienda
1595,175,2025-02-06,884.46,DOP,tienda
1596,53,2025-02-07,2640.04,DOP,tienda
1597,158,2025-01-14,3039.44,DOP,kiosko
1598,144,2025-03-24,1367.21,DOP,tienda
1599,74,2025-03-31,2428.35,DOP,web
1600,202,2025-02-23,3415.62,DOP,tienda
1601,191,2025-01-02,887.18,DOP,tienda
1602,213,2025-02-26,797.16,DOP,tienda
1603,194,2025-02-17,2063.46,DOP,web
1604,76,2025-01-25,1576.36,USD,web
1605,189,2025-01-23,1803.33,DOP,web
1606,68,2025-03-13,463.93,DOP,web
1607,120,2025-02-12,2486.82,DOP,web
1608,153,2025-02-11,187.49,USD,tienda
1609,78,2025-03-26,1722.02,DOP,web
1610,82,2025-04-01,1843.63,USD,web
1611,41,2025-03-06,1461.6,DOP,web
1612,55,2025-01-29,2325.04,DOP,web
1613,136,2025-03-21,1667.25,DOP,tienda
1614,3,2025-03-25,410.38,DOP,web
1615,158,2025-03-24,3215.94,DOP,web
1616,98,2025-02-11,3206.6,USD,web
1617,186,2025-03-11,997.07,USD,tienda
1618,132,2025-02-17,2811.83,DOP,web
1619,50,2025-03-25,1127.89,DOP,web
1620,137,2025-03-10,35.58,DOP,tienda
1621,176,2025-01-28,1490.49,DOP,web
1622,190,2025-03-31,2715.47,DOP,kiosko
1623,40,2025-03-29,92.9,DOP,web
1624,14,2025-01-10,631.19,DOP,web
1625,67,2025-01-30,1432.64,DOP,web
1626,5,2025-02-10,1369.36,DOP,web
1627,17,2025-03-21,2648.3,DOP,tienda
1628,92,2025-01-10,3248.89,DOP,tienda
1629,156,2025-02-08,311.9,DOP,web
1630,211,2025-02-20,2315.92,DOP,web
1631,192,2025-01-18,1374.56,DOP,web
1632,37,2025-03-23,1050.22,DOP,callcenter
1633,96,2025-03-24,3351.3,DOP,kiosko
1634,32,2025-01-19,155.79,DOP,web
1635,22,2025-03-12,1073.37,DOP,kiosko
1636,55,2025-02-14,1450.16,DOP,web
1637,48,2025-01-21,780.55,DOP,web
1638,172,2025-01-24,2800.81,DOP,kiosko
1639,119,2025-03-12,2259.91,DOP,tienda
1640,26,2025-02-02,698.99,DOP,callcenter
1641,33,2025-02-15,2352.82,DOP,web
1642,50,2025-01-09,1119.07,DOP,tienda
1643,178,2025-02-09,2048.75,DOP,web
1644,110,2025-02-10,598.55,DOP,tienda
1645,112,2025-03-24,975.61,DOP,tienda
1646,123,2025-02-12,1625.34,DOP,web
1647,28,2025-03-12,623.44,DOP,tienda
1648,138,2025-01-18,695.55,DOP,tienda
1649,5,2025-01-10,2975.06,DOP,tienda
1650,104,2025-03-16,2694.51,DOP,web
1651,140,2025-02-03,3130.01,DOP,tienda
1652,94,2025-01-20,1379.82,DOP,tienda
1653,35,2025-02-07,1631.81,DOP,web
1654,3,2025-03-06,2322.75,DOP,tienda
1655,176,2025-03-20,588.79,DOP,web
1656,145,2025-01-23,3321.0,DOP,callcenter
1657,92,2025-03-03,151.07,DOP,web
1658,95,2025-02-03,826.73,DOP,web
1659,100,2025-02-16,1649.16,DOP,web
1660,83,2025-03-25,370.26,USD,tienda
1661,214,2025-02-05,2599.26,DOP,tienda
1662,168,2025-02-18,1331.03,DOP,kiosko
1663,133,2025-01-10,888.04,USD,web
1664,91,2025-02-21,2862.16,DOP,tienda
1665,2,2025-03-19,1761.41,DOP,web
1666,132,2025-01-10,2255.73,DOP,web
1667,155,2025-02-16,2513.39,DOP,web
1668,185,2025-02-12,405.55,DOP,web
1669,42,2025-03-17,2268.93,DOP,web
1670,147,2025-01-17,2077.29,DOP,web
1671,38,2025-03-15,205.13,DOP,web
1672,154,2025-02-21,3392.66,DOP,kiosko
1673,211,2025-03-26,999.26,DOP,web
1674,124,2025-03-02,605.28,DOP,tienda
1675,211,2025-03-16,2688.54,DOP,web
1676,186,2025-01-22,2402.71,USD,tienda
1677,59,2025-01-09,1329.96,DOP,web
1678,130,2025-03-08,2398.44,DOP,tienda
1679,122,2025-01-23,3156.61,DOP,kiosko
1680,129,2025-03-10,2635.82,DOP,tienda
1681,139,2025-03-19,2898.05,DOP,tienda
1682,111,2025-03-25,1831.93,DOP,web
1683,110,2025-03-09,810.91,DOP,tienda
1684,90,2025-02-18,2065.78,DOP,tienda
1685,148,2025-03-31,351.03,DOP,web
1686,220,2025-01-30,302.52,DOP,web
1687,49,2025-02-02,29.09,DOP,web
1688,31,2025-03-08,1823.97,DOP,web
1689,105,2025-02-10,1274.32,DOP,tienda
1690,67,2025-02-02,2993.87,DOP,web
1691,175,2025-02-05,1397.11,DOP,tienda
1692,124,2025-03-13,633.73,DOP,web
1693,148,2025-02-09,1211.8,DOP,tienda
1694,31,2025-03-26,2619.87,DOP,tienda
1695,26,2025-01-21,758.46,DOP,web
1696,158,2025-03-12,2442.73,DOP,web
1697,2,2025-03-23,2817.25,DOP,web
1698,112,2025-03-18,317.61,DOP,web
1699,10,2025-03-19,2538.49,USD,web
1700,134,2025-03-25,1009.78,USD,web
1701,164,2025-01-23,1735.35,DOP,kiosko
1702,74,2025-03-08,689.67,DOP,web
1703,60,2025-03-31,2157.01,DOP,web
1704,1,2025-03-25,3415.0,DOP,web
1705,91,2025-02-21,2347.12,DOP,web
1706,189,2025-01-02,2465.64,USD,web
1707,150,2025-03-13,1224.85,USD,web
1708,50,2025-03-19,1597.11,DOP,web
1709,105,2025-01-23,1776.77,DOP,web
1710,30,2025-02-13,2812.27,USD,kiosko
1711,65,2025-03-15,2432.73,USD,tienda
1712,194,2025-02-01,1195.42,DOP,tienda
1713,8,2025-03-17,1692.08,DOP,web
1714,174,2025-01-29,2457.1,DOP,web
1715,133,2025-02-15,1879.43,DOP,web
1716,24,2025-02-06,1402.27,DOP,web
1717,46,2025-03-12,1673.18,DOP,kiosko
1718,47,2025-02-04,3315.44,DOP,kiosko
1719,189,2025-03-05,706.84,DOP,kiosko
1720,59,2025-01-27,717.66,DOP,tienda
1721,200,2025-01-20,382.35,USD,tienda
1722,127,2025-03-26,2152.26,DOP,web
1723,218,2025-01-06,1693.2,DOP,web
1724,71,2025-03-15,1722.91,USD,kiosko
1725,102,2025-02-05,785.1,DOP,web
1726,123,2025-02-24,3289.39,DOP,web
1727,199,2025-03-29,620.05,USD,tienda
1728,81,2025-02-28,2415.34,DOP,web
1729,26,2025-03-16,1145.77,DOP,web
1730,68,2025-03-12,837.62,DOP,tienda
1731,48,2025-02-16,1750.71,DOP,tienda
1732,94,2025-02-17,2991.6,DOP,web
1733,148,2025-01-17,2404.18,DOP,tienda
1734,143,2025-01-31,1518.44,DOP,web
1735,122,2025-01-20,2821.78,DOP,web
1736,133,2025-03-22,1873.6,DOP,web
1737,144,2025-02-02,3006.17,DOP,web
1738,16,2025-01-21,761.98,DOP,tienda
1739,116,2025-01-13,2608.63,DOP,web
1740,208,2025-03-13,909.42,DOP,web
1741,156,2025-03-28,704.36,DOP,tienda
1742,200,2025-01-23,1003.28,DOP,web
1743,21,2025-02-27,1339.94,DOP,tienda
1744,43,2025-01-19,2245.63,USD,web
1745,147,2025-03-20,1422.66,USD,web
1746,59,2025-02-13,1104.05,DOP,tienda
1747,166,2025-03-19,1390.14,DOP,tienda
1748,192,2025-02-16,2058.35,USD,web
1749,219,2025-01-24,90.62,DOP,tienda
1750,192,2025-03-31,289.43,DOP,web
1751,122,2025-01-09,1924.03,DOP,web
1752,27,2025-01-11,925.96,DOP,tienda
1753,80,2025-02-19,810.45,DOP,web
1754,34,2025-01-17,1848.33,DOP,web
1755,84,2025-02-15,3026.2,DOP,kiosko
1756,141,2025-02-04,1562.51,USD,tienda
1757,152,2025-01-23,2095.57,DOP,tienda
1758,112,2025-03-14,1836.87,DOP,web
1759,124,2025-02-14,1893.44,DOP,web
1760,106,2025-02-16,916.73,DOP,web
1761,89,2025-01-18,1010.8,DOP,tienda
1762,194,2025-03-04,1674.96,DOP,web
1763,153,2025-02-07,816.94,DOP,web
1764,144,2025-02-22,1535.5,DOP,tienda
1765,100,2025-03-24,2901.21,DOP,web
1766,62,2025-03-22,1812.97,DOP,tienda
1767,176,2025-03-30,958.81,DOP,web
1768,106,2025-02-04,666.12,DOP,web
1769,164,2025-01-15,1599.15,DOP,tienda
1770,49,2025-03-04,1129.05,DOP,callcenter
1771,48,2025-01-03,3403.44,DOP,web
1772,187,2025-02-26,38.63,DOP,web
1773,88,2025-01-28,1476.65,DOP,web
1774,119,2025-02-17,2442.3,DOP,web
1775,15,2025-01-19,940.1,DOP,web
1776,50,2025-01-24,3135.99,DOP,web
1777,32,2025-01-02,3411.35,DOP,web
1778,64,2025-02-26,2584.29,DOP,web
1779,134,2025-01-13,2334.37,DOP,web
1780,83,2025-02-09,563.55,DOP,tienda
1781,134,2025-03-12,436.27,DOP,web
1782,14,2025-02-16,3024.17,DOP,web
1783,112,2025-03-23,1142.55,DOP,web
1784,102,2025-01-16,2764.11,DOP,web
1785,122,2025-03-30,2412.54,DOP,tienda
1786,41,2025-02-01,1754.72,DOP,web
1787,16,2025-03-22,218.62,DOP,tienda
1788,33,2025-01-14,1712.57,DOP,tienda
1789,194,2025-03-24,1222.14,DOP,tienda
1790,177,2025-01-03,1328.41,DOP,web
1791,125,2025-01-06,2476.12,DOP,web
1792,49,2025-03-04,1987.79,DOP,web
1793,71,2025-03-01,3038.14,DOP,kiosko
1794,18,2025-01-21,1863.67,DOP,tienda
1795,94,2025-03-11,1594.74,DOP,web
1796,5,2025-01-24,2172.87,DOP,tienda
1797,185,2025-02-11,231.06,USD,tienda
1798,135,2025-01-25,2394.45,DOP,web
1799,83,2025-02-06,1440.22,DOP,web
1800,18,2025-03-26,162.78,USD,web
1801,52,2025-01-05,383.62,DOP,web
1802,215,2025-03-24,1366.21,DOP,tienda
1803,66,2025-03-17,181.31,DOP,tienda
1804,54,2025-01-02,2298.57,USD,tienda
1805,206,2025-03-01,2239.82,DOP,tienda
1806,211,2025-02-23,1298.05,DOP,tienda
1807,136,2025-02-04,151.88,DOP,web
1808,133,2025-01-28,348.95,DOP,web
1809,50,2025-01-25,1846.41,DOP,tienda
1810,143,2025-01-23,2624.69,DOP,web
1811,148,2025-03-23,1259.29,DOP,tienda
1812,43,2025-01-14,2775.69,DOP,web
1813,41,2025-03-26,1873.31,DOP,kiosko
1814,141,2025-02-10,3470.21,DOP,web
1815,111,2025-03-23,2893.28,DOP,web
1816,55,2025-03-11,1318.97,DOP,tienda
1817,116,2025-02-16,1571.77,DOP,tienda
1818,153,2025-02-06,66.9,DOP,kiosko
1819,77,2025-01-01,3445.54,DOP,web
1820,211,2025-03-30,973.09,DOP,tienda
1821,40,2025-03-15,339.06,DOP,web
1822,94,2025-02-03,3114.79,DOP,web
1823,24,2025-02-08,2001.0,DOP,web
1824,186,2025-01-10,1143.18,DOP,web
1825,180,2025-03-30,2021.05,USD,tienda
1826,10,2025-02-08,2560.45,DOP,web
1827,198,2025-01-08,1177.02,DOP,web
1828,198,2025-01-16,801.24,DOP,tienda
1829,163,2025-01-02,2723.19,DOP,web
1830,82,2025-01-06,1894.35,DOP,web
1831,40,2025-01-29,186.31,DOP,web
1832,193,2025-02-27,2087.01,DOP,web
1833,202,2025-02-07,1386.19,DOP,web
1834,191,2025-03-15,182.1,DOP,web
1835,112,2025-03-06,2710.65,DOP,web
1836,51,2025-03-13,1712.64,DOP,web
1837,189,2025-03-20,1839.62,DOP,web
1838,83,2025-02-25,2399.74,DOP,web
1839,109,2025-02-22,1284.78,DOP,web
1840,7,2025-03-25,2696.19,DOP,web
1841,160,2025-02-26,518.91,DOP,tienda
1842,176,2025-01-26,1314.63,DOP,kiosko
1843,190,2025-01-15,200.34,USD,kiosko
1844,4,2025-02-06,1208.02,DOP,web
1845,6,2025-03-02,1168.25,DOP,web
1846,134,2025-03-11,2628.74,DOP,tienda
1847,178,2025-01-19,2448.66,DOP,tienda
1848,135,2025-03-26,161.75,DOP,web
1849,159,2025-03-31,956.77,DOP,kiosko
1850,100,2025-01-09,2314.7,DOP,kiosko
1851,28,2025-02-16,76.58,DOP,tienda
1852,98,2025-01-30,1784.81,DOP,kiosko
1853,153,2025-03-04,1865.15,DOP,web
1854,144,2025-02-28,3242.96,DOP,web
1855,79,2025-03-09,1174.16,DOP,web
1856,176,2025-02-14,1238.18,DOP,web
1857,71,2025-03-06,2843.51,DOP,kiosko
1858,143,2025-01-04,3322.42,DOP,web
1859,169,2025-02-20,489.04,DOP,web
1860,157,2025-03-28,3055.73,DOP,web
1861,40,2025-03-15,1498.36,DOP,tienda
1862,139,2025-02-27,469.88,DOP,tienda
1863,205,2025-03-29,716.06,DOP,tienda
1864,35,2025-03-09,1510.92,USD,tienda
1865,145,2025-03-25,3210.72,DOP,tienda
1866,48,2025-01-16,1118.42,DOP,tienda
1867,106,2025-02-10,3364.57,DOP,tienda
1868,190,2025-03-23,965.55,DOP,web
1869,7,2025-01-24,2670.94,DOP,web
1870,157,2025-03-14,815.88,DOP,tienda
1871,21,2025-02-15,2411.61,DOP,web
1872,121,2025-03-19,2494.95,DOP,kiosko
1873,122,2025-03-04,489.92,DOP,web
1874,70,2025-01-02,3326.19,DOP,tienda
1875,194,2025-01-26,723.92,DOP,callcenter
1876,158,2025-02-26,1719.9,DOP,web
1877,110,2025-02-01,1422.99,DOP,tienda
1878,185,2025-02-18,1102.01,DOP,tienda
1879,138,2025-03-18,1843.05,DOP,tienda
1880,28,2025-03-08,1586.12,DOP,web
1881,133,2025-02-01,1887.16,USD,web
1882,133,2025-02-19,2680.41,USD,web
1883,102,2025-02-26,3096.55,DOP,web
1884,109,2025-01-22,1037.52,USD,tienda
1885,119,2025-01-19,2906.33,DOP,tienda
1886,47,2025-01-15,2727.77,USD,tienda
1887,101,2025-01-18,1453.32,DOP,web
1888,183,2025-03-17,3136.32,DOP,web
1889,178,2025-02-11,2273.53,DOP,web
1890,24,2025-01-16,408.44,DOP,web
1891,182,2025-03-09,1350.46,DOP,web
1892,97,2025-01-21,1930.71,DOP,web
1893,145,2025-02-12,3050.86,DOP,web
1894,46,2025-01-19,2694.36,DOP,web
1895,74,2025-02-27,2196.32,DOP,web
1896,1,2025-01-26,2182.74,DOP,web
1897,140,2025-03-05,2828.02,DOP,web
1898,151,2025-01-28,2311.55,DOP,web
1899,154,2025-03-18,32.94,DOP,web
1900,143,2025-03-22,2872.22,DOP,web
1901,168,2025-01-08,1228.08,DOP,web
1902,215,2025-03-15,2115.47,DOP,web
1903,107,2025-01-14,3478.14,DOP,web
1904,178,2025-03-26,2452.47,DOP,tienda
1905,192,2025-02-28,2030.59,USD,web
1906,83,2025-02-08,1296.31,DOP,web
1907,216,2025-02-24,1931.14,DOP,web
1908,71,2025-03-30,1158.94,DOP,web
1909,157,2025-01-27,213.06,DOP,callcenter
1910,23,2025-03-09,1697.98,DOP,kiosko
1911,74,2025-04-01,1500.42,DOP,web
1912,160,2025-03-15,1244.95,DOP,tienda
1913,187,2025-03-08,2215.18,DOP,web
1914,60,2025-03-20,2482.97,USD,web
1915,120,2025-01-04,2192.86,DOP,tienda
1916,107,2025-03-20,1455.0,DOP,tienda
1917,55,2025-03-23,49.43,DOP,web
1918,79,2025-01-09,1057.99,DOP,tienda
1919,176,2025-01-15,1173.16,DOP,tienda
1920,214,2025-01-04,622.95,DOP,web
1921,123,2025-03-28,3207.41,DOP,tienda
1922,40,2025-03-03,2198.93,DOP,web
1923,119,2025-02-12,2746.12,DOP,tienda
1924,77,2025-03-08,1981.65,DOP,tienda
1925,54,2025-01-03,2025.12,DOP,kiosko
1926,17,2025-02-15,3393.95,DOP,web
1927,161,2025-02-18,1874.61,DOP,tienda
1928,153,2025-01-24,417.79,DOP,web
1929,182,2025-02-10,120.38,DOP,web
1930,96,2025-01-31,1587.15,USD,web
1931,45,2025-02-08,401.69,DOP,tienda
1932,114,2025-01-12,1775.92,DOP,kiosko
1933,49,2025-01-20,1197.0,DOP,kiosko
1934,199,2025-02-09,1152.41,DOP,web
1935,174,2025-03-08,3474.59,DOP,web
1936,183,2025-02-19,3028.19,DOP,web
1937,176,2025-01-06,2969.95,DOP,web
1938,27,2025-01-06,1826.82,DOP,web
1939,195,2025-03-15,1099.38,DOP,web
1940,74,2025-01-25,975.51,DOP,web
1941,70,2025-01-16,531.13,DOP,web
1942,144,2025-03-21,1804.07,DOP,web
1943,70,2025-02-10,504.03,DOP,web
1944,44,2025-02-01,258.64,DOP,web
1945,13,2025-02-26,463.96,DOP,tienda
1946,99,2025-01-14,197.76,DOP,web
1947,152,2025-03-18,2206.85,DOP,web
1948,80,2025-02-15,1169.84,DOP,tienda
1949,21,2025-03-10,3408.15,DOP,web
1950,24,2025-01-17,2846.85,USD,web
1951,80,2025-02-28,2398.83,DOP,web
1952,58,2025-01-30,511.59,DOP,web
1953,101,2025-02-16,649.9,USD,web
1954,117,2025-02-11,1711.4,DOP,web
1955,119,2025-03-03,2961.72,DOP,web
1956,33,2025-03-15,1782.74,DOP,tienda
1957,84,2025-01-14,1950.96,DOP,web
1958,103,2025-03-01,2070.97,DOP,web
1959,124,2025-01-21,1349.52,DOP,tienda
1960,111,2025-03-17,2747.26,DOP,tienda
1961,178,2025-03-11,834.18,DOP,web
1962,215,2025-03-15,1708.34,DOP,web
1963,25,2025-03-13,2878.86,DOP,callcenter
1964,154,2025-01-09,389.52,DOP,tienda
1965,84,2025-02-18,1735.09,DOP,web
1966,149,2025-01-18,3162.36,DOP,web
1967,170,2025-01-19,530.77,DOP,web
1968,115,2025-03-15,692.88,DOP,web
1969,204,2025-03-14,3197.08,DOP,kiosko
1970,184,2025-02-25,3439.21,DOP,web
1971,157,2025-01-02,3452.61,DOP,web
1972,16,2025-02-07,1298.59,DOP,web
1973,144,2025-04-01,2874.43,DOP,kiosko
1974,61,2025-01-04,1516.69,DOP,tienda
1975,104,2025-02-18,1341.66,DOP,tienda
1976,36,2025-03-02,666.91,DOP,kiosko
1977,40,2025-02-23,1016.76,DOP,web
1978,19,2025-01-02,2272.88,DOP,kiosko
1979,112,2025-03-26,3412.66,DOP,web
1980,117,2025-02-23,3128.6,DOP,kiosko
1981,47,2025-03-21,1595.84,DOP,tienda
1982,91,2025-02-19,797.84,DOP,web
1983,217,2025-03-05,2560.89,DOP,web
1984,148,2025-03-11,1290.73,USD,tienda
1985,95,2025-04-01,404.94,DOP,tienda
1986,187,2025-01-19,2562.21,USD,callcenter
1987,120,2025-02-05,1814.15,DOP,tienda
1988,121,2025-02-01,2211.01,DOP,tienda
1989,163,2025-03-29,1891.8,DOP,tienda
1990,137,2025-02-13,2727.06,DOP,web
1991,147,2025-03-02,2571.01,DOP,callcenter
1992,75,2025-02-07,594.6,DOP,tienda
1993,187,2025-02-08,2749.73,DOP,tienda
1994,44,2025-03-16,2009.28,DOP,web
1995,7,2025-03-21,1010.99,DOP,web
1996,65,2025-02-05,472.56,DOP,kiosko
1997,190,2025-01-02,399.31,DOP,tienda
1998,169,2025-01-20,1568.82,DOP,web
1999,61,2025-03-31,1702.37,DOP,kiosko
2000,22,2025-02-13,3386.04,DOP,tienda
2001,193,2025-03-05,3477.61,DOP,web
2002,186,2025-02-26,2235.14,DOP,tienda
2003,14,2025-02-14,2251.49,DOP,web
2004,119,2025-01-22,1401.62,DOP,tienda
2005,60,2025-03-10,1335.5,DOP,web
2006,136,2025-01-19,3047.27,DOP,kiosko
2007,98,2025-02-27,2377.94,USD,tienda
2008,25,2025-01-06,3212.82,DOP,callcenter
2009,157,2025-02-25,3213.97,DOP,web
2010,206,2025-02-04,352.99,DOP,web
2011,192,2025-03-28,853.87,DOP,tienda
2012,87,2025-03-08,2375.24,USD,web
2013,173,2025-01-02,39.58,DOP,web
2014,27,2025-03-09,2402.39,DOP,tienda
2015,50,2025-02-02,128.81,DOP,web
2016,169,2025-03-18,3129.94,DOP,tienda
2017,182,2025-01-16,3352.71,DOP,tienda
2018,169,2025-02-18,2675.86,DOP,tienda
2019,29,2025-01-24,2437.83,DOP,web
2020,164,2025-01-10,1592.52,USD,tienda
2021,171,2025-03-30,2696.88,DOP,web
2022,71,2025-01-10,2722.1,DOP,web
2023,67,2025-01-08,3345.06,DOP,web
2024,52,2025-03-04,2139.95,DOP,web
2025,139,2025-01-19,2692.79,DOP,tienda
2026,184,2025-02-26,913.9,DOP,web
2027,199,2025-02-02,1566.13,DOP,web
2028,1,2025-03-23,3265.8,DOP,web
2029,85,2025-03-31,3167.12,DOP,web
2030,123,2025-03-04,1531.84,DOP,tienda
2031,139,2025-01-09,798.21,DOP,tienda
2032,32,2025-03-03,1989.68,USD,web
2033,78,2025-03-29,1408.15,DOP,callcenter
2034,94,2025-01-12,1875.85,USD,web
2035,195,2025-02-28,2685.11,DOP,web
2036,99,2025-01-06,2315.96,DOP,web
2037,162,2025-01-14,2414.06,DOP,kiosko
2038,189,2025-02-26,671.23,DOP,web
2039,62,2025-03-17,1717.42,DOP,web
2040,128,2025-02-09,1873.45,DOP,web
2041,10,2025-01-03,1194.11,DOP,tienda
2042,31,2025-02-21,748.76,DOP,web
2043,138,2025-03-28,529.85,DOP,kiosko
2044,189,2025-01-05,504.15,DOP,web
2045,12,2025-03-21,856.96,DOP,web
2046,13,2025-03-22,3167.27,DOP,web
2047,44,2025-03-20,2925.38,DOP,tienda
2048,128,2025-01-15,2086.47,DOP,web
2049,110,2025-01-26,1187.33,DOP,tienda
2050,84,2025-02-21,431.6,DOP,web
2051,215,2025-02-11,3376.78,DOP,web
2052,86,2025-01-23,230.64,DOP,tienda
2053,179,2025-01-22,1301.05,DOP,web
2054,11,2025-03-16,475.46,DOP,tienda
2055,200,2025-02-18,560.56,DOP,web
2056,46,2025-01-01,3242.22,DOP,tienda
2057,107,2025-02-06,2430.33,DOP,web
2058,53,2025-01-17,509.38,DOP,web
2059,45,2025-01-31,2140.78,DOP,web
2060,157,2025-03-05,3326.54,DOP,tienda
2061,108,2025-02-14,25.95,DOP,web
2062,25,2025-03-09,2170.03,DOP,callcenter
2063,57,2025-03-06,1630.11,DOP,web
2064,50,2025-01-07,403.25,DOP,tienda
2065,128,2025-03-02,625.37,DOP,web
2066,94,2025-03-24,1004.88,DOP,web
2067,12,2025-02-28,374.43,DOP,web
2068,202,2025-01-21,111.44,DOP,web
2069,185,2025-01-31,1562.42,DOP,web
2070,84,2025-03-28,812.92,DOP,web
2071,189,2025-01-31,1449.96,DOP,kiosko
2072,121,2025-01-10,2051.97,DOP,web
2073,157,2025-01-28,1597.92,DOP,web
2074,162,2025-01-25,1261.48,DOP,web
2075,178,2025-01-05,1994.64,DOP,web
2076,118,2025-03-01,1469.6,DOP,web
2077,155,2025-02-07,557.19,DOP,callcenter
2078,148,2025-01-22,3395.77,DOP,web
2079,126,2025-03-08,3019.07,DOP,web
2080,72,2025-03-01,60.62,DOP,kiosko
2081,84,2025-02-01,1525.53,DOP,kiosko
2082,147,2025-01-20,3144.9,DOP,web
2083,188,2025-03-02,2692.44,DOP,web
2084,208,2025-03-03,2795.08,DOP,web
2085,22,2025-01-31,1959.12,DOP,tienda
2086,34,2025-01-28,1260.84,DOP,callcenter
2087,123,2025-01-03,2344.93,DOP,web
2088,192,2025-03-15,2046.97,USD,web
2089,181,2025-01-18,1424.71,DOP,web
2090,181,2025-03-01,2220.57,DOP,web
2091,86,2025-03-30,1862.91,DOP,tienda
2092,157,2025-03-31,1903.1,DOP,tienda
2093,159,2025-01-11,3084.16,DOP,web
2094,94,2025-03-28,3109.04,DOP,web
2095,11,2025-03-21,1285.84,DOP,tienda
2096,144,2025-01-09,2485.59,DOP,callcenter
2097,139,2025-01-31,406.32,DOP,kiosko
2098,180,2025-03-16,742.18,DOP,web
2099,69,2025-02-15,1767.45,DOP,web
2100,89,2025-02-17,1588.91,DOP,tienda
2101,182,2025-03-02,1866.35,DOP,kiosko
2102,159,2025-02-27,1294.83,DOP,tienda
2103,49,2025-01-09,3122.74,DOP,web
2104,74,2025-01-23,3354.32,DOP,web
2105,179,2025-01-15,526.36,DOP,web
2106,6,2025-03-22,1033.16,USD,web
2107,122,2025-01-17,1219.98,DOP,tienda
2108,49,2025-02-07,229.69,DOP,web
2109,166,2025-03-08,1182.21,DOP,tienda
2110,125,2025-02-11,2080.82,DOP,tienda
2111,118,2025-02-26,1071.25,DOP,tienda
2112,203,2025-01-22,917.43,DOP,callcenter
2113,38,2025-01-07,1242.39,DOP,web
2114,183,2025-01-21,1878.26,DOP,web
2115,178,2025-04-01,3167.44,DOP,web
2116,11,2025-01-15,3478.27,DOP,web
2117,48,2025-02-17,725.99,DOP,tienda
2118,38,2025-02-14,1311.47,DOP,web
2119,32,2025-02-08,3222.31,DOP,web
2120,118,2025-01-19,3248.06,DOP,callcenter
2121,130,2025-03-11,1166.17,DOP,web
2122,194,2025-02-07,3432.61,DOP,web
2123,187,2025-03-14,3175.01,DOP,tienda
2124,11,2025-03-03,496.59,DOP,web
2125,159,2025-02-21,2944.66,DOP,web
2126,156,2025-01-08,2248.18,DOP,web
2127,51,2025-02-05,88.69,DOP,web
2128,23,2025-03-27,3415.68,DOP,web
2129,155,2025-03-19,1795.33,DOP,tienda
2130,38,2025-02-20,2508.71,DOP,web
2131,73,2025-01-02,1213.77,DOP,web
2132,23,2025-03-13,762.78,DOP,tienda
2133,206,2025-02-23,1554.34,DOP,tienda
2134,187,2025-02-24,3138.54,DOP,tienda
2135,37,2025-01-12,735.17,DOP,kiosko
2136,17,2025-02-12,3266.7,DOP,web
2137,105,2025-01-01,2239.43,DOP,web
2138,182,2025-03-01,1992.03,USD,web
2139,75,2025-02-18,1943.0,DOP,tienda
2140,78,2025-03-16,1734.41,DOP,web
2141,40,2025-01-01,926.74,USD,tienda
2142,32,2025-03-02,2291.81,DOP,web
2143,177,2025-03-04,2260.3,DOP,tienda
2144,18,2025-03-05,2100.13,DOP,web
2145,67,2025-02-25,2201.71,DOP,tienda
2146,96,2025-01-16,1798.72,DOP,tienda
2147,149,2025-01-21,214.2,DOP,kiosko
2148,92,2025-01-18,579.95,DOP,web
2149,13,2025-02-15,1021.6,DOP,kiosko
2150,50,2025-03-07,2684.88,DOP,web
2151,140,2025-01-22,1135.9,DOP,tienda
2152,70,2025-02-08,2402.2,DOP,web
2153,91,2025-03-16,2883.37,DOP,web
2154,200,2025-02-17,1702.3,DOP,kiosko
2155,56,2025-01-14,549.4,DOP,web
2156,158,2025-03-13,2416.89,USD,tienda
2157,180,2025-03-12,2649.51,DOP,web
2158,30,2025-01-10,2867.77,USD,web
2159,177,2025-02-09,1275.36,DOP,kiosko
2160,134,2025-03-18,2674.93,DOP,tienda
2161,191,2025-01-04,2852.86,DOP,kiosko
2162,177,2025-01-19,800.74,DOP,web
2163,109,2025-01-11,2420.96,DOP,web
2164,194,2025-03-03,1515.05,DOP,web
2165,132,2025-03-26,2080.18,DOP,kiosko
2166,17,2025-01-06,1062.74,DOP,web
2167,155,2025-01-16,726.85,USD,web
2168,8,2025-02-14,326.82,DOP,kiosko
2169,90,2025-03-16,1239.19,DOP,tienda
2170,62,2025-03-20,1772.13,DOP,tienda
2171,136,2025-01-02,767.32,DOP,web
2172,2,2025-03-10,3407.79,DOP,web
2173,218,2025-03-06,2480.07,DOP,tienda
2174,173,2025-02-26,3352.54,DOP,web
2175,109,2025-02-18,757.82,DOP,web
2176,32,2025-02-10,1636.0,DOP,web
2177,181,2025-02-16,1016.07,DOP,web
2178,30,2025-03-05,1352.89,DOP,tienda
2179,216,2025-03-29,1559.41,DOP,web
2180,49,2025-02-24,3000.14,DOP,tienda
2181,95,2025-03-28,635.75,USD,web
2182,102,2025-01-14,1538.82,DOP,web
2183,102,2025-01-19,1408.18,DOP,web
2184,17,2025-01-22,1279.35,DOP,web
2185,32,2025-02-21,822.72,DOP,web
2186,152,2025-03-16,962.68,DOP,tienda
2187,92,2025-02-21,1670.63,DOP,web
2188,131,2025-03-04,983.33,DOP,web
2189,126,2025-02-02,1745.49,DOP,web
2190,189,2025-01-13,194.45,DOP,tienda
2191,98,2025-01-23,2120.0,DOP,web
2192,25,2025-03-21,2663.0,DOP,web
2193,203,2025-03-05,1636.42,DOP,web
2194,67,2025-03-06,1903.11,DOP,web
2195,196,2025-01-03,120.28,DOP,kiosko
2196,116,2025-02-19,1107.81,DOP,web
2197,46,2025-01-05,1952.77,DOP,web
2198,43,2025-04-01,1725.26,DOP,tienda
2199,196,2025-03-04,391.74,DOP,tienda
2200,139,2025-03-29,2007.01,DOP,kiosko
2201,15,2025-03-06,1375.93,DOP,callcenter
2202,174,2025-03-20,1241.15,USD,web
2203,152,2025-01-04,167.46,DOP,web
2204,7,2025-03-16,2680.53,DOP,web
2205,89,2025-02-24,3471.89,DOP,web
2206,64,2025-02-01,828.83,DOP,web
2207,17,2025-03-30,3042.6,DOP,web
2208,84,2025-03-10,140.45,DOP,web
2209,108,2025-03-07,940.5,DOP,tienda
2210,97,2025-02-10,2000.53,DOP,web
2211,26,2025-03-04,2421.12,DOP,web
2212,87,2025-03-27,591.53,DOP,callcenter
2213,128,2025-01-26,2227.7,USD,web
2214,55,2025-03-10,1012.87,DOP,callcenter
2215,206,2025-02-21,798.34,DOP,web
2216,25,2025-03-16,2075.61,DOP,tienda
2217,122,2025-03-09,1500.6,DOP,web
2218,130,2025-02-08,2816.4,DOP,web
2219,107,2025-01-26,1414.03,DOP,web
2220,47,2025-03-12,3084.33,DOP,web
2221,148,2025-01-24,1752.22,DOP,tienda
2222,69,2025-03-01,3280.7,DOP,tienda
2223,145,2025-02-25,2545.89,DOP,web
2224,38,2025-03-01,848.91,DOP,tienda
2225,106,2025-02-25,1122.1,DOP,web
2226,217,2025-01-27,1449.41,DOP,tienda
2227,176,2025-02-02,2108.3,DOP,web
2228,8,2025-01-25,867.1,DOP,web
2229,112,2025-03-13,1482.85,USD,web
2230,35,2025-02-04,111.71,DOP,web
2231,46,2025-03-12,2258.59,DOP,tienda
2232,15,2025-01-03,3009.95,DOP,tienda
2233,105,2025-01-09,3139.74,DOP,kiosko
2234,215,2025-02-20,2537.58,DOP,web
2235,31,2025-03-06,1831.63,DOP,kiosko
2236,65,2025-03-09,1742.61,DOP,tienda
2237,85,2025-02-10,2914.85,DOP,tienda
2238,109,2025-01-31,770.85,DOP,web
2239,113,2025-02-05,1435.23,DOP,web
2240,96,2025-03-10,2451.67,DOP,web
2241,175,2025-03-02,869.75,DOP,tienda
2242,93,2025-01-19,1668.52,DOP,web
2243,156,2025-03-24,131.48,DOP,tienda
2244,177,2025-01-07,3211.93,DOP,web
2245,80,2025-02-19,2239.93,DOP,kiosko
2246,32,2025-03-29,1876.84,DOP,web
2247,101,2025-01-02,3247.0,USD,web
2248,77,2025-01-31,744.25,DOP,kiosko
2249,82,2025-03-22,3079.34,DOP,web
2250,71,2025-01-05,3033.89,DOP,kiosko
2251,189,2025-03-02,1451.24,DOP,tienda
2252,212,2025-01-13,569.6,DOP,web
2253,155,2025-02-23,2555.02,DOP,web
2254,8,2025-03-30,2669.29,DOP,web
2255,203,2025-02-26,2247.43,DOP,web
2256,81,2025-02-09,2019.57,DOP,web
2257,196,2025-03-25,464.02,DOP,web
2258,116,2025-02-10,1679.5,DOP,web
2259,152,2025-03-29,2895.42,DOP,web
2260,95,2025-02-23,644.79,DOP,kiosko
2261,58,2025-03-15,82.36,DOP,tienda
2262,161,2025-03-20,808.19,DOP,web
2263,180,2025-02-03,2982.89,DOP,tienda
2264,67,2025-03-18,530.89,USD,web
2265,31,2025-03-14,59.26,DOP,tienda
2266,212,2025-02-28,2360.9,DOP,tienda
2267,209,2025-01-25,2739.61,DOP,web
2268,111,2025-01-17,2998.62,DOP,callcenter
2269,187,2025-02-06,2373.39,DOP,web
2270,8,2025-01-19,1022.77,DOP,tienda
2271,95,2025-02-01,2044.33,DOP,web
2272,35,2025-03-02,3051.34,USD,web
2273,183,2025-01-28,1348.4,DOP,tienda
2274,25,2025-01-10,1953.93,DOP,kiosko
2275,91,2025-03-02,3488.62,USD,callcenter
2276,182,2025-03-18,2621.36,DOP,web
2277,98,2025-03-21,1065.75,DOP,web
2278,11,2025-03-13,2035.9,DOP,web
2279,120,2025-02-13,470.4,DOP,web
2280,67,2025-01-19,417.78,DOP,web
2281,192,2025-02-05,1268.47,DOP,kiosko
2282,157,2025-02-03,2905.27,USD,web
2283,43,2025-02-25,1111.24,USD,tienda
2284,143,2025-01-20,2987.09,DOP,tienda
2285,49,2025-01-07,528.69,DOP,web
2286,42,2025-02-03,2473.81,DOP,callcenter
2287,11,2025-03-05,1550.9,USD,tienda
2288,127,2025-02-28,402.59,DOP,web
2289,24,2025-02-14,721.03,DOP,tienda
2290,211,2025-03-07,962.04,DOP,tienda
2291,2,2025-03-16,1845.79,DOP,web
2292,64,2025-01-10,2691.2,DOP,kiosko
2293,73,2025-01-04,2387.78,DOP,web
2294,28,2025-03-17,2931.05,DOP,web
2295,169,2025-04-01,1684.69,DOP,web
2296,2,2025-03-26,1159.7,DOP,tienda
2297,84,2025-02-27,3316.49,USD,kiosko
2298,34,2025-03-14,747.67,DOP,tienda
2299,205,2025-02-11,203.82,DOP,callcenter
2300,24,2025-02-18,1402.02,DOP,callcenter
2301,23,2025-02-21,81.59,DOP,web
2302,73,2025-02-21,2268.62,USD,web
2303,126,2025-02-08,2805.84,DOP,kiosko
2304,155,2025-03-29,468.19,DOP,tienda
2305,52,2025-03-07,1718.78,DOP,web
2306,154,2025-03-14,1486.52,DOP,tienda
2307,48,2025-03-20,1525.03,DOP,web
2308,119,2025-02-13,2370.78,DOP,tienda
2309,135,2025-03-05,2207.16,DOP,web
2310,21,2025-02-25,3176.15,DOP,web
2311,176,2025-01-17,3161.13,DOP,web
2312,146,2025-02-07,176.57,DOP,web
2313,131,2025-01-14,1492.95,DOP,tienda
2314,209,2025-03-14,894.3,DOP,web
2315,5,2025-03-06,407.63,DOP,web
2316,216,2025-01-24,1381.42,DOP,kiosko
2317,81,2025-02-08,2059.36,DOP,tienda
2318,207,2025-03-21,935.11,USD,kiosko
2319,55,2025-01-24,655.95,DOP,tienda
2320,28,2025-03-28,1523.96,DOP,web
2321,44,2025-01-02,2298.75,DOP,web
2322,191,2025-03-26,2110.59,DOP,tienda
2323,93,2025-03-20,2420.41,USD,tienda
2324,23,2025-02-08,446.56,DOP,web
2325,179,2025-01-03,3397.12,DOP,web
2326,38,2025-03-25,2277.59,DOP,tienda
2327,49,2025-03-10,310.47,DOP,web
2328,6,2025-02-24,416.44,USD,tienda
2329,125,2025-02-26,1655.5,DOP,tienda
2330,76,2025-01-26,1997.31,DOP,web
2331,27,2025-01-02,2210.13,DOP,callcenter
2332,189,2025-03-05,2029.53,DOP,callcenter
2333,125,2025-01-05,1404.88,DOP,tienda
2334,210,2025-03-28,3038.04,DOP,web
2335,109,2025-01-03,2021.65,DOP,web
2336,107,2025-03-24,3113.1,DOP,tienda
2337,89,2025-03-24,1574.66,DOP,web
2338,121,2025-01-25,1210.03,DOP,web
2339,87,2025-03-29,3226.86,DOP,tienda
2340,34,2025-03-01,3092.28,DOP,web
2341,214,2025-02-23,3294.78,DOP,web
2342,205,2025-03-02,3398.59,DOP,web
2343,192,2025-03-30,310.81,DOP,web
2344,156,2025-01-21,1727.73,DOP,kiosko
2345,78,2025-03-05,829.17,DOP,callcenter
2346,67,2025-02-15,1256.08,DOP,tienda
2347,9,2025-03-06,2825.79,DOP,web
2348,31,2025-01-30,1971.32,DOP,callcenter
2349,197,2025-02-15,172.9,DOP,web
2350,219,2025-01-20,2418.57,DOP,tienda
2351,13,2025-04-01,3243.95,DOP,web
2352,28,2025-01-15,2737.97,DOP,kiosko
2353,211,2025-01-14,1973.03,DOP,web
2354,53,2025-01-16,3189.34,DOP,web
2355,196,2025-02-26,1775.58,DOP,web
2356,94,2025-03-24,1177.78,DOP,tienda
2357,107,2025-02-26,2694.58,DOP,tienda
2358,88,2025-03-02,1010.79,DOP,web
2359,93,2025-02-23,2206.75,DOP,tienda
2360,108,2025-03-09,2757.38,DOP,web
2361,118,2025-02-22,3331.92,DOP,tienda
2362,114,2025-01-04,518.09,DOP,tienda
2363,22,2025-01-09,1190.68,DOP,tienda
2364,16,2025-02-25,1382.5,DOP,kiosko
2365,148,2025-01-20,211.76,DOP,tienda
2366,134,2025-03-26,3404.59,DOP,kiosko
2367,142,2025-03-31,3058.68,DOP,web
2368,3,2025-02-14,2896.24,USD,tienda
2369,180,2025-01-19,1419.74,DOP,kiosko
2370,202,2025-03-21,2167.47,DOP,web
2371,104,2025-03-25,2716.15,DOP,web
2372,86,2025-03-10,1371.08,DOP,kiosko
2373,139,2025-03-08,1000.91,DOP,tienda
2374,88,2025-03-08,2652.09,DOP,web
2375,152,2025-03-11,912.83,DOP,web
2376,130,2025-02-24,395.44,DOP,web
2377,130,2025-03-22,1247.11,DOP,tienda
2378,115,2025-01-16,1049.88,DOP,web
2379,207,2025-01-31,2612.7,DOP,tienda
2380,171,2025-03-22,1871.18,DOP,web
2381,171,2025-02-06,2748.91,DOP,tienda
2382,134,2025-02-18,2583.92,DOP,web
2383,211,2025-01-25,2727.14,DOP,web
2384,213,2025-02-24,1448.06,DOP,web
2385,122,2025-01-17,759.6,DOP,tienda
2386,151,2025-02-21,1960.8,DOP,kiosko
2387,128,2025-03-16,2231.25,USD,tienda
2388,188,2025-03-04,3406.72,DOP,web
2389,125,2025-01-17,2491.92,DOP,tienda
2390,31,2025-03-09,2433.7,DOP,web
2391,144,2025-01-21,1298.97,USD,tienda
2392,29,2025-02-22,431.82,DOP,web
2393,31,2025-01-20,1306.42,USD,web
2394,8,2025-03-04,2771.3,DOP,tienda
2395,79,2025-01-07,3112.81,DOP,tienda
2396,1,2025-03-04,436.92,DOP,kiosko
2397,124,2025-02-23,2009.98,DOP,kiosko
2398,122,2025-02-18,2922.27,DOP,web
2399,130,2025-01-18,2231.25,DOP,tienda
2400,187,2025-01-20,1145.0,DOP,tienda
2401,100,2025-02-22,822.55,DOP,web
2402,114,2025-03-27,2578.34,DOP,kiosko
2403,7,2025-04-01,2006.26,DOP,tienda
2404,166,2025-03-13,442.0,DOP,web
2405,139,2025-03-21,2023.23,DOP,tienda
2406,193,2025-01-25,1670.67,DOP,web
2407,47,2025-03-10,3368.69,DOP,web
2408,215,2025-04-01,3107.92,DOP,tienda
2409,83,2025-03-19,1412.27,DOP,kiosko
2410,88,2025-01-03,1535.19,DOP,kiosko
2411,98,2025-02-10,907.55,DOP,web
2412,74,2025-01-22,512.68,DOP,web
2413,105,2025-02-09,2378.34,DOP,callcenter
2414,7,2025-01-24,2499.42,DOP,web
2415,106,2025-01-19,3126.61,DOP,kiosko
2416,14,2025-01-16,716.93,DOP,tienda
2417,131,2025-03-05,2635.84,DOP,web
2418,82,2025-01-08,1632.23,DOP,web
2419,163,2025-02-22,825.75,DOP,web
2420,173,2025-03-17,364.27,DOP,tienda
2421,78,2025-01-17,1993.18,DOP,tienda
2422,53,2025-03-06,2742.26,DOP,web
2423,201,2025-01-22,865.61,USD,callcenter
2424,116,2025-03-13,155.85,DOP,callcenter
2425,75,2025-03-21,2289.18,DOP,web
2426,70,2025-03-03,2096.56,DOP,web
2427,216,2025-02-14,2216.4,DOP,web
2428,42,2025-01-06,2589.75,DOP,web
2429,179,2025-02-20,439.19,DOP,tienda
2430,111,2025-02-05,745.87,DOP,tienda
2431,88,2025-03-29,2226.74,USD,tienda
2432,63,2025-02-04,2321.35,DOP,web
2433,85,2025-03-18,65.4,DOP,tienda
2434,156,2025-01-01,1673.09,USD,tienda
2435,143,2025-02-22,3134.49,DOP,tienda
2436,21,2025-03-10,2757.7,DOP,web
2437,214,2025-01-04,2858.04,DOP,web
2438,212,2025-02-18,2108.57,DOP,tienda
2439,3,2025-03-31,445.43,DOP,web
2440,57,2025-01-02,2603.57,DOP,tienda
2441,92,2025-04-01,678.38,DOP,tienda
2442,60,2025-01-29,3430.62,USD,web
2443,181,2025-03-05,2477.32,DOP,web
2444,102,2025-03-23,397.2,DOP,web
2445,142,2025-01-22,686.26,DOP,tienda
2446,145,2025-03-19,622.6,DOP,tienda
2447,67,2025-01-17,3268.14,DOP,kiosko
2448,50,2025-02-05,2968.36,DOP,callcenter
2449,137,2025-03-28,2154.45,DOP,kiosko
2450,110,2025-01-01,2246.97,USD,web
2451,111,2025-02-11,2956.75,DOP,web
2452,120,2025-03-08,1739.56,DOP,web
2453,13,2025-01-29,979.99,DOP,web
2454,101,2025-01-01,689.18,DOP,tienda
2455,189,2025-01-04,797.44,DOP,callcenter
2456,51,2025-02-01,584.04,DOP,tienda
2457,8,2025-01-13,1685.08,DOP,tienda
2458,86,2025-03-22,2943.37,DOP,web
2459,214,2025-02-13,199.97,DOP,tienda
2460,199,2025-01-10,2103.88,DOP,web
2461,149,2025-02-27,445.64,USD,kiosko
2462,81,2025-02-18,3116.39,DOP,tienda
2463,206,2025-01-08,1552.3,DOP,tienda
2464,27,2025-01-09,2374.7,DOP,web
2465,103,2025-02-18,344.45,DOP,web
2466,202,2025-03-18,2312.44,DOP,web
2467,159,2025-02-24,2171.11,DOP,kiosko
2468,117,2025-01-04,1815.07,DOP,web
2469,153,2025-01-02,2499.41,DOP,tienda
2470,33,2025-03-15,2234.4,DOP,web
2471,114,2025-03-21,658.87,DOP,web
2472,80,2025-01-17,2049.98,DOP,tienda
2473,80,2025-02-15,2046.99,DOP,web
2474,80,2025-03-02,2115.62,DOP,callcenter
2475,151,2025-03-08,2305.29,DOP,web
2476,220,2025-03-13,200.58,DOP,callcenter
2477,52,2025-03-23,2750.57,DOP,tienda
2478,178,2025-03-30,3436.91,DOP,web
2479,145,2025-03-16,3371.1,DOP,web
2480,27,2025-01-21,1595.51,DOP,web
2481,1,2025-01-29,2239.3,DOP,web
2482,62,2025-01-28,1687.8,DOP,tienda
2483,53,2025-02-18,1407.09,DOP,web
2484,19,2025-01-02,1259.02,DOP,web
2485,50,2025-02-26,2213.36,USD,web
2486,51,2025-01-04,700.41,DOP,kiosko
2487,87,2025-01-23,2967.89,DOP,web
2488,216,2025-01-23,923.64,DOP,tienda
2489,98,2025-01-18,2295.49,DOP,web
2490,79,2025-01-27,1602.15,DOP,web
2491,135,2025-01-22,3420.09,USD,kiosko
2492,31,2025-01-09,514.07,USD,tienda
2493,137,2025-01-25,1329.9,DOP,tienda
2494,63,2025-03-23,3224.34,DOP,tienda
2495,76,2025-03-10,2765.66,DOP,web
2496,33,2025-02-05,2981.74,USD,kiosko
2497,187,2025-01-27,294.11,DOP,tienda
2498,43,2025-01-09,1785.06,DOP,tienda
2499,96,2025-03-07,1750.07,DOP,web
2500,135,2025-02-17,2433.84,DOP,web
2501,149,2025-02-04,1409.3,USD,tienda
2502,54,2025-01-05,776.15,DOP,kiosko
2503,56,2025-02-20,1077.94,DOP,tienda
2504,66,2025-02-17,1931.43,DOP,web
2505,133,2025-02-26,1237.0,DOP,web
2506,87,2025-03-21,1497.1,DOP,web
2507,82,2025-03-05,962.84,DOP,web
2508,166,2025-02-03,274.85,USD,web
2509,132,2025-03-06,1917.82,DOP,web
2510,26,2025-01-30,423.87,DOP,web
2511,51,2025-02-12,2366.12,DOP,tienda
2512,217,2025-03-29,967.88,DOP,callcenter
2513,67,2025-03-11,39.78,DOP,tienda
2514,104,2025-02-21,2878.3,DOP,web
2515,132,2025-03-25,3462.57,USD,kiosko
2516,59,2025-01-30,2534.44,DOP,web
2517,202,2025-03-17,1938.63,DOP,tienda
2518,203,2025-02-13,309.71,DOP,web
2519,107,2025-03-31,741.45,DOP,tienda
2520,36,2025-02-17,2025.5,DOP,kiosko
2521,128,2025-01-02,2838.3,DOP,web
2522,109,2025-02-23,2403.31,DOP,tienda
2523,77,2025-03-10,1148.02,DOP,tienda
2524,40,2025-01-18,3420.58,USD,tienda
2525,156,2025-03-19,2012.84,DOP,web
2526,17,2025-02-20,1875.37,DOP,web
2527,116,2025-03-14,2240.12,DOP,web
2528,142,2025-03-28,629.95,DOP,tienda
2529,48,2025-01-04,704.51,USD,web
2530,60,2025-01-27,1025.96,DOP,web
2531,133,2025-02-17,48.55,DOP,kiosko
2532,41,2025-02-20,3463.69,DOP,web
2533,100,2025-01-09,3343.29,DOP,web
2534,80,2025-01-27,1518.38,DOP,web
2535,148,2025-03-19,3287.65,DOP,web
2536,118,2025-03-29,971.29,DOP,web
2537,212,2025-01-09,1403.34,DOP,web
2538,126,2025-03-14,1616.11,DOP,tienda
2539,166,2025-02-06,3084.67,DOP,tienda
2540,101,2025-02-08,2149.47,DOP,web
2541,46,2025-02-01,3150.88,DOP,web
2542,47,2025-03-26,2447.84,DOP,tienda
2543,62,2025-01-06,3100.54,DOP,kiosko
2544,75,2025-03-10,2336.63,DOP,tienda
2545,127,2025-01-28,1445.36,DOP,web
2546,20,2025-02-17,2646.34,DOP,tienda
2547,116,2025-02-22,585.29,DOP,web
2548,19,2025-01-04,2239.64,DOP,web
2549,191,2025-02-13,1403.7,DOP,web
2550,30,2025-02-02,2484.76,DOP,tienda
2551,125,2025-03-01,1620.14,DOP,tienda
2552,36,2025-02-26,1653.05,DOP,web
2553,156,2025-01-03,360.8,DOP,web
2554,44,2025-02-20,280.77,DOP,tienda
2555,113,2025-01-20,1259.72,DOP,web
2556,137,2025-03-28,764.42,DOP,tienda
2557,165,2025-03-08,2322.26,DOP,web
2558,79,2025-03-30,1559.51,DOP,web
2559,197,2025-02-18,714.07,DOP,kiosko
2560,24,2025-01-26,65.97,DOP,web
2561,175,2025-01-25,2344.63,DOP,kiosko
2562,43,2025-03-27,2536.8,DOP,web
2563,83,2025-02-11,1971.57,DOP,web
2564,102,2025-03-11,3286.84,DOP,web
2565,83,2025-02-15,615.94,DOP,web
2566,55,2025-02-19,1611.13,DOP,tienda
2567,160,2025-03-25,1297.74,DOP,web
2568,197,2025-02-08,2100.05,USD,web
2569,203,2025-03-10,3466.95,DOP,web
2570,154,2025-01-13,1142.0,DOP,web
2571,35,2025-03-30,1168.84,DOP,kiosko
2572,218,2025-02-10,2335.63,DOP,web
2573,115,2025-03-16,1344.48,DOP,web
2574,181,2025-03-17,3459.45,DOP,tienda
2575,80,2025-01-16,835.02,DOP,web
2576,16,2025-01-11,490.07,DOP,web
2577,53,2025-02-18,2250.72,DOP,tienda
2578,190,2025-02-26,3071.89,DOP,web
2579,134,2025-01-06,2773.31,DOP,tienda
2580,59,2025-01-04,2965.8,DOP,web
2581,14,2025-03-11,3174.15,DOP,web
2582,179,2025-03-29,2521.06,DOP,web
2583,47,2025-02-11,1553.84,DOP,kiosko
2584,50,2025-01-09,191.85,USD,kiosko
2585,24,2025-01-17,616.13,DOP,tienda
2586,61,2025-01-27,1780.91,DOP,web
2587,185,2025-01-22,699.4,DOP,tienda
2588,74,2025-02-08,2021.71,USD,web
2589,21,2025-03-03,3329.04,DOP,web
2590,113,2025-03-02,1485.21,DOP,web
2591,210,2025-01-20,3338.61,DOP,tienda
2592,219,2025-02-24,300.48,USD,web
2593,40,2025-03-10,1939.45,DOP,web
2594,117,2025-02-09,998.46,DOP,web
2595,35,2025-02-12,2504.87,DOP,kiosko
2596,4,2025-01-01,3017.18,DOP,web
2597,107,2025-02-21,3291.59,USD,web
2598,79,2025-03-04,2247.26,DOP,web
2599,32,2025-01-05,1353.04,DOP,web
2600,66,2025-02-25,2701.73,DOP,web
2601,126,2025-04-01,2226.08,DOP,web
2602,109,2025-02-19,2577.47,DOP,web
2603,162,2025-02-16,2475.89,DOP,tienda
2604,67,2025-01-19,2122.97,USD,web
2605,155,2025-02-01,2028.41,DOP,web
2606,198,2025-01-15,332.15,DOP,web
2607,151,2025-04-01,3409.77,DOP,kiosko
2608,43,2025-02-24,2905.83,DOP,web
2609,169,2025-03-10,3104.41,DOP,tienda
2610,28,2025-01-12,2230.27,DOP,web
2611,69,2025-01-19,2623.07,USD,web
2612,2,2025-02-09,3454.72,DOP,web
2613,199,2025-01-09,2440.15,DOP,tienda
2614,44,2025-02-25,625.64,DOP,web
2615,47,2025-03-04,1764.12,DOP,tienda
2616,48,2025-01-28,711.28,DOP,tienda
2617,67,2025-01-25,3440.49,DOP,web
2618,28,2025-03-21,3040.58,DOP,web
2619,32,2025-02-18,975.9,DOP,tienda
2620,125,2025-03-03,2358.09,DOP,web
2621,171,2025-01-01,2042.73,USD,web
2622,203,2025-03-08,35.34,DOP,callcenter
2623,125,2025-02-04,1661.58,DOP,web
2624,175,2025-02-17,3116.63,USD,tienda
2625,171,2025-02-16,1400.67,DOP,callcenter
2626,207,2025-02-12,359.62,DOP,tienda
2627,7,2025-01-18,2110.66,DOP,web
2628,193,2025-03-31,2854.53,DOP,tienda
2629,122,2025-03-26,1807.05,DOP,web
2630,209,2025-03-23,1134.42,DOP,kiosko
2631,174,2025-02-11,1560.63,DOP,web
2632,204,2025-03-20,293.98,DOP,kiosko
2633,169,2025-03-02,3001.28,USD,tienda
2634,156,2025-02-07,690.82,DOP,web
2635,201,2025-03-15,3000.24,DOP,web
2636,78,2025-01-12,2914.92,USD,callcenter
2637,44,2025-03-01,3138.47,USD,web
2638,62,2025-03-11,859.31,DOP,kiosko
2639,23,2025-03-31,378.09,USD,web
2640,99,2025-02-11,2684.42,DOP,web
2641,172,2025-03-02,439.61,DOP,web
2642,24,2025-03-04,2786.44,DOP,web
2643,197,2025-03-15,3234.23,DOP,web
2644,168,2025-02-18,2250.94,DOP,kiosko
2645,58,2025-01-30,914.24,DOP,web
2646,190,2025-02-13,2076.78,DOP,kiosko
2647,95,2025-03-15,454.69,DOP,web
2648,80,2025-01-01,225.98,DOP,tienda
2649,82,2025-02-24,2701.77,DOP,kiosko
2650,134,2025-01-17,2326.46,DOP,web
2651,138,2025-01-02,2984.74,DOP,tienda
2652,215,2025-02-07,773.98,DOP,web
2653,38,2025-02-06,2617.24,DOP,tienda
2654,154,2025-01-05,1127.29,DOP,tienda
2655,218,2025-02-05,2475.76,DOP,tienda
2656,75,2025-03-05,2467.45,DOP,callcenter
2657,40,2025-02-12,2899.32,DOP,tienda
2658,180,2025-01-29,2577.68,USD,tienda
2659,187,2025-03-04,1377.41,USD,tienda
2660,6,2025-01-21,1922.32,DOP,tienda
2661,194,2025-02-14,1375.86,DOP,tienda
2662,179,2025-02-06,3231.49,DOP,web
2663,34,2025-01-13,1138.73,DOP,kiosko
2664,218,2025-01-07,3271.67,DOP,tienda
2665,36,2025-03-15,1552.17,DOP,kiosko
2666,56,2025-01-27,2817.21,DOP,tienda
2667,186,2025-02-16,2997.93,DOP,tienda
2668,97,2025-01-19,3326.89,DOP,tienda
2669,25,2025-01-08,1250.99,DOP,kiosko
2670,132,2025-01-16,2278.84,DOP,callcenter
2671,185,2025-03-22,1419.94,DOP,web
2672,78,2025-03-04,2411.06,USD,tienda
2673,199,2025-02-18,2424.36,DOP,tienda
2674,210,2025-03-01,2279.59,DOP,tienda
2675,3,2025-02-17,428.8,DOP,web
2676,131,2025-03-27,795.02,DOP,callcenter
2677,71,2025-03-03,2431.1,DOP,tienda
2678,124,2025-02-19,3499.84,DOP,web
2679,26,2025-01-17,1145.05,DOP,kiosko
2680,48,2025-03-10,1424.6,DOP,web
2681,201,2025-03-10,2844.56,DOP,web
2682,138,2025-03-16,2500.98,DOP,web
2683,169,2025-01-27,3142.63,DOP,tienda
2684,2,2025-01-24,1945.98,DOP,web
2685,148,2025-01-17,729.74,DOP,tienda
2686,22,2025-01-05,3429.95,DOP,web
2687,44,2025-03-11,1486.45,USD,web
2688,12,2025-02-08,3312.29,DOP,tienda
2689,137,2025-03-26,1562.77,DOP,tienda
2690,91,2025-03-08,2125.54,DOP,tienda
2691,210,2025-03-26,166.13,DOP,web
2692,35,2025-01-28,2111.48,DOP,web
2693,187,2025-01-17,2181.87,DOP,web
2694,167,2025-02-18,3163.77,DOP,web
2695,174,2025-02-02,1494.45,DOP,web
2696,162,2025-01-10,2567.04,USD,tienda
2697,183,2025-01-25,1308.78,DOP,tienda
2698,42,2025-03-19,1474.71,DOP,callcenter
2699,98,2025-02-25,100.43,DOP,web
2700,137,2025-01-16,393.87,DOP,web
2701,23,2025-03-23,1276.24,DOP,web
2702,71,2025-01-29,44.42,DOP,callcenter
2703,27,2025-02-18,2741.74,DOP,web
2704,151,2025-02-09,2876.49,DOP,web
2705,147,2025-03-31,3030.24,DOP,tienda
2706,44,2025-01-07,1119.81,DOP,web
2707,202,2025-03-28,1865.57,DOP,tienda
2708,152,2025-03-03,455.23,DOP,web
2709,169,2025-01-20,451.03,DOP,tienda
2710,186,2025-01-07,2240.79,DOP,tienda
2711,156,2025-03-28,1469.67,DOP,web
2712,205,2025-02-15,1645.64,DOP,callcenter
2713,184,2025-03-08,3086.04,DOP,web
2714,79,2025-01-12,1428.74,DOP,web
2715,20,2025-01-11,2557.54,USD,web
2716,22,2025-01-08,2604.5,DOP,web
2717,109,2025-01-02,2372.85,USD,web
2718,132,2025-03-05,2401.08,DOP,web
2719,104,2025-01-16,58.51,DOP,tienda
2720,183,2025-01-01,1493.18,DOP,web
2721,211,2025-03-26,3497.1,USD,tienda
2722,156,2025-01-06,1575.8,DOP,kiosko
2723,58,2025-03-09,620.1,DOP,web
2724,14,2025-02-15,1485.3,DOP,web
2725,87,2025-01-15,3200.02,DOP,web
2726,75,2025-01-16,1054.13,DOP,web
2727,146,2025-03-22,1383.74,USD,kiosko
2728,132,2025-03-24,2891.79,DOP,web
2729,218,2025-03-21,1714.05,DOP,tienda
2730,77,2025-02-12,1245.09,DOP,kiosko
2731,103,2025-01-24,1247.32,DOP,web
2732,136,2025-01-11,1804.97,DOP,web
2733,2,2025-03-04,553.15,DOP,web
2734,96,2025-02-20,1054.5,DOP,web
2735,28,2025-02-04,3462.9,DOP,web
2736,91,2025-01-18,2617.35,DOP,kiosko
2737,51,2025-04-01,396.22,DOP,web
2738,191,2025-02-23,1165.94,DOP,tienda
2739,171,2025-03-03,3440.42,DOP,web
2740,205,2025-03-05,2389.26,DOP,tienda
2741,129,2025-02-21,2543.72,DOP,tienda
2742,29,2025-01-17,3352.3,DOP,web
2743,129,2025-02-14,57.63,DOP,web
2744,110,2025-02-13,3417.77,DOP,web
2745,73,2025-02-07,1705.89,DOP,web
2746,187,2025-01-20,1794.23,DOP,tienda
2747,180,2025-02-03,873.27,DOP,web
2748,201,2025-04-01,2836.73,DOP,web
2749,49,2025-01-24,3474.01,DOP,tienda
2750,31,2025-01-30,471.71,DOP,callcenter
2751,110,2025-01-19,71.64,DOP,kiosko
2752,105,2025-02-18,1842.15,DOP,callcenter
2753,87,2025-01-29,1497.0,DOP,web
2754,78,2025-01-07,394.09,DOP,kiosko
2755,64,2025-02-23,1126.24,DOP,web
2756,170,2025-01-07,2609.19,DOP,web
2757,26,2025-03-19,1513.87,DOP,web
2758,78,2025-02-12,399.23,DOP,tienda
2759,85,2025-01-17,1268.38,DOP,tienda
2760,136,2025-03-17,2120.45,DOP,web
2761,99,2025-03-16,314.44,DOP,tienda
2762,31,2025-03-19,153.23,USD,kiosko
2763,50,2025-01-25,2469.26,USD,web
2764,159,2025-03-11,1206.71,DOP,callcenter
2765,137,2025-01-26,2525.49,DOP,web
2766,183,2025-03-12,891.31,DOP,kiosko
2767,89,2025-03-13,3133.25,DOP,tienda
2768,18,2025-02-25,1695.04,DOP,callcenter
2769,43,2025-01-03,2101.05,DOP,web
2770,145,2025-01-06,222.17,USD,web
2771,127,2025-02-20,2399.58,DOP,callcenter
2772,113,2025-01-22,2630.04,DOP,tienda
2773,156,2025-02-21,957.51,DOP,web
2774,152,2025-01-28,2441.56,DOP,tienda
2775,129,2025-02-28,2480.06,DOP,web
2776,76,2025-01-29,2481.81,DOP,web
2777,137,2025-01-06,841.38,DOP,web
2778,35,2025-02-05,953.82,DOP,tienda
2779,211,2025-02-01,742.8,DOP,tienda
2780,155,2025-03-22,3403.04,DOP,kiosko
2781,68,2025-03-12,2530.06,DOP,tienda
2782,15,2025-02-11,2194.58,DOP,web
2783,46,2025-02-05,903.4,DOP,tienda
2784,28,2025-03-16,2531.88,DOP,kiosko
2785,161,2025-02-02,2223.73,DOP,tienda
2786,84,2025-01-29,948.09,DOP,tienda
2787,40,2025-02-20,1566.74,DOP,web
2788,123,2025-01-19,336.98,DOP,web
2789,49,2025-01-23,1998.11,USD,web
2790,6,2025-02-06,1092.46,DOP,tienda
2791,156,2025-03-29,665.59,DOP,web
2792,166,2025-02-28,3396.65,DOP,web
2793,155,2025-01-02,358.06,DOP,web
2794,196,2025-01-02,2908.5,USD,web
2795,69,2025-01-11,507.8,DOP,web
2796,203,2025-01-02,381.12,DOP,web
2797,22,2025-04-01,716.1,DOP,tienda
2798,209,2025-02-26,579.37,DOP,web
2799,140,2025-01-08,2425.22,DOP,web
2800,27,2025-01-06,1910.8,DOP,kiosko
2801,37,2025-02-23,14.22,DOP,web
2802,38,2025-02-19,1243.05,DOP,kiosko
2803,99,2025-03-29,2406.81,DOP,kiosko
2804,44,2025-03-04,3467.78,DOP,callcenter
2805,92,2025-02-06,276.25,DOP,web
2806,12,2025-01-11,2119.73,DOP,web
2807,47,2025-03-18,2381.22,DOP,tienda
2808,160,2025-02-08,2863.29,DOP,web
2809,170,2025-03-05,1298.2,DOP,kiosko
2810,202,2025-01-10,17.6,USD,web
2811,38,2025-03-25,1127.69,DOP,tienda
2812,209,2025-03-03,244.92,DOP,callcenter
2813,38,2025-02-05,325.66,USD,web
2814,91,2025-02-19,1124.41,DOP,tienda
2815,155,2025-02-22,2779.32,DOP,tienda
2816,63,2025-03-25,1347.32,DOP,web
2817,137,2025-03-05,1881.38,DOP,web
2818,135,2025-02-23,2026.79,DOP,tienda
2819,23,2025-03-31,830.82,DOP,callcenter
2820,93,2025-01-03,1958.73,USD,kiosko
2821,90,2025-01-08,1269.4,DOP,tienda
2822,76,2025-01-18,1616.76,DOP,tienda
2823,63,2025-02-23,745.47,DOP,tienda
2824,179,2025-01-16,2466.83,DOP,web
2825,96,2025-02-24,198.75,DOP,tienda
2826,215,2025-03-03,2082.8,DOP,web
2827,21,2025-01-19,865.21,DOP,tienda
2828,39,2025-02-23,2681.31,DOP,web
2829,179,2025-03-09,3321.19,DOP,tienda
2830,201,2025-02-26,2260.52,DOP,web
2831,165,2025-01-08,122.1,DOP,web
2832,102,2025-01-02,2916.05,DOP,kiosko
2833,183,2025-03-12,2905.02,USD,web
2834,59,2025-04-01,1488.61,DOP,callcenter
2835,97,2025-03-08,3422.96,DOP,web
2836,15,2025-03-21,773.98,DOP,tienda
2837,155,2025-03-13,2947.58,DOP,web
2838,168,2025-02-10,2250.2,DOP,web
2839,166,2025-02-17,1490.53,DOP,web
2840,155,2025-02-16,2728.0,DOP,web
2841,139,2025-01-21,381.56,DOP,web
2842,49,2025-02-09,1935.4,DOP,web
2843,22,2025-02-04,3418.55,DOP,tienda
2844,12,2025-03-03,177.69,DOP,web
2845,193,2025-02-15,995.58,DOP,web
2846,186,2025-02-20,1251.87,DOP,tienda
2847,105,2025-02-12,3138.82,DOP,web
2848,7,2025-01-20,2059.24,DOP,tienda
2849,75,2025-01-05,572.67,DOP,web
2850,24,2025-03-22,3335.34,DOP,web
2851,168,2025-03-29,501.61,DOP,callcenter
2852,133,2025-03-06,3473.05,DOP,web
2853,115,2025-02-13,2750.88,DOP,web
2854,11,2025-02-25,3118.47,DOP,web
2855,157,2025-01-27,2128.0,USD,tienda
2856,25,2025-03-05,2818.5,DOP,kiosko
2857,205,2025-03-12,2737.24,DOP,web
2858,44,2025-02-10,3269.86,DOP,web
2859,91,2025-02-16,321.41,DOP,tienda
2860,122,2025-02-03,3424.91,DOP,web
2861,32,2025-01-18,3401.17,DOP,web
2862,103,2025-02-06,1437.53,DOP,tienda
2863,94,2025-02-26,1798.55,DOP,web
2864,175,2025-01-11,1452.05,DOP,kiosko
2865,11,2025-03-29,2175.94,DOP,tienda
2866,180,2025-02-01,2876.11,DOP,kiosko
2867,97,2025-02-07,562.14,DOP,web
2868,119,2025-02-19,2345.34,DOP,web
2869,210,2025-03-10,1632.34,DOP,tienda
2870,197,2025-02-20,1521.57,DOP,web
2871,155,2025-02-13,1707.17,DOP,web
2872,117,2025-02-05,143.61,DOP,web
2873,55,2025-03-23,1127.45,DOP,tienda
2874,16,2025-02-18,3278.24,DOP,web
2875,55,2025-03-02,198.73,DOP,callcenter
2876,109,2025-03-29,951.77,DOP,web
2877,71,2025-01-09,1423.69,DOP,tienda
2878,135,2025-02-23,757.23,DOP,web
2879,24,2025-01-07,3133.4,DOP,callcenter
2880,43,2025-02-08,703.13,USD,web
2881,177,2025-03-10,2745.66,USD,web
2882,147,2025-03-30,1368.09,DOP,tienda
2883,51,2025-03-18,281.55,DOP,tienda
2884,171,2025-02-11,3452.42,USD,tienda
2885,4,2025-02-10,535.27,DOP,web
2886,30,2025-02-10,2774.14,DOP,web
2887,116,2025-01-01,3302.2,DOP,tienda
2888,149,2025-03-23,350.09,DOP,callcenter
2889,179,2025-02-23,1915.84,DOP,web
2890,54,2025-02-14,3333.8,USD,tienda
2891,95,2025-01-02,2850.09,DOP,kiosko
2892,210,2025-03-06,3038.48,DOP,tienda
2893,106,2025-02-28,1442.25,DOP,web
2894,196,2025-03-08,1182.03,USD,web
2895,46,2025-02-17,1939.11,DOP,web
2896,217,2025-02-06,2312.02,DOP,tienda
2897,159,2025-03-31,3283.28,USD,web
2898,207,2025-01-12,2931.95,DOP,web
2899,27,2025-02-22,1742.45,DOP,kiosko
2900,163,2025-01-13,1559.92,DOP,web
2901,219,2025-02-07,1478.04,DOP,web
2902,30,2025-02-18,692.51,DOP,web
2903,106,2025-03-01,3178.9,DOP,tienda
2904,2,2025-02-20,3289.26,DOP,web
2905,169,2025-02-04,933.1,DOP,tienda
2906,173,2025-02-23,853.02,USD,web
2907,7,2025-01-02,545.28,DOP,tienda
2908,82,2025-03-18,1179.46,USD,callcenter
2909,143,2025-01-31,3407.48,DOP,tienda
2910,206,2025-01-07,3262.47,DOP,kiosko
2911,187,2025-02-19,616.27,USD,web
2912,60,2025-02-25,357.53,DOP,web
2913,148,2025-03-22,2747.14,DOP,tienda
2914,215,2025-02-03,1939.64,USD,web
2915,7,2025-01-12,1536.6,DOP,tienda
2916,159,2025-01-04,2479.44,USD,web
2917,7,2025-02-18,2600.77,DOP,web
2918,200,2025-03-22,1259.84,DOP,kiosko
2919,50,2025-02-08,1878.61,DOP,tienda
2920,198,2025-02-18,919.07,DOP,web
2921,161,2025-01-19,90.76,USD,kiosko
2922,118,2025-01-15,3245.92,DOP,web
2923,47,2025-02-03,333.79,DOP,web
2924,101,2025-01-27,361.34,DOP,web
2925,161,2025-03-04,276.33,DOP,web
2926,163,2025-02-10,3179.98,DOP,web
2927,46,2025-01-02,2312.24,DOP,kiosko
2928,88,2025-01-16,3478.15,DOP,tienda
2929,2,2025-03-11,562.78,DOP,kiosko
2930,156,2025-01-25,113.15,DOP,web
2931,56,2025-01-20,3035.39,DOP,web
2932,36,2025-02-11,776.97,DOP,kiosko
2933,71,2025-02-04,1690.7,USD,web
2934,167,2025-03-12,1037.18,DOP,web
2935,103,2025-03-07,3228.99,DOP,web
2936,101,2025-02-05,369.1,DOP,tienda
2937,204,2025-01-22,728.35,DOP,web
2938,109,2025-02-27,2091.19,DOP,web
2939,156,2025-01-14,1346.83,DOP,web
2940,210,2025-03-22,234.29,DOP,web
2941,65,2025-03-07,2058.17,DOP,tienda
2942,136,2025-03-24,1239.36,DOP,web
2943,110,2025-02-11,2770.23,DOP,web
2944,96,2025-03-26,1308.16,DOP,web
2945,177,2025-02-10,48.04,DOP,web
2946,60,2025-02-11,1970.13,DOP,tienda
2947,56,2025-03-09,369.19,DOP,tienda
2948,20,2025-03-27,2013.08,DOP,tienda
2949,82,2025-02-25,2848.75,DOP,web
2950,128,2025-03-05,173.3,DOP,web
2951,44,2025-02-27,2108.99,DOP,web
2952,73,2025-01-03,72.25,DOP,tienda
2953,119,2025-01-01,1002.44,DOP,web
2954,136,2025-03-10,146.53,DOP,web
2955,213,2025-01-13,2810.77,DOP,web
2956,103,2025-02-14,288.39,DOP,web
2957,101,2025-01-07,1051.57,USD,web
2958,32,2025-03-24,2952.33,USD,web
2959,13,2025-01-29,2890.84,DOP,callcenter
2960,186,2025-03-30,1530.53,DOP,web
2961,209,2025-02-17,3161.05,USD,kiosko
2962,67,2025-01-07,3092.78,DOP,web
2963,20,2025-02-08,930.41,DOP,tienda
2964,70,2025-02-18,2448.34,USD,tienda
2965,33,2025-01-16,1124.47,DOP,tienda
2966,164,2025-02-22,1569.26,DOP,web
2967,123,2025-03-15,2317.83,USD,web
2968,58,2025-03-03,330.38,DOP,tienda
2969,143,2025-02-15,2926.04,DOP,tienda
2970,178,2025-01-27,282.28,USD,web
2971,172,2025-01-02,764.31,DOP,web
2972,88,2025-01-14,738.23,DOP,web
2973,195,2025-02-10,3305.89,DOP,tienda
2974,28,2025-03-06,3200.3,DOP,web
2975,159,2025-02-27,1801.99,DOP,web
2976,109,2025-02-05,583.05,DOP,kiosko
2977,27,2025-03-24,524.04,DOP,tienda
2978,5,2025-01-31,3130.4,DOP,web
2979,136,2025-03-26,1589.72,DOP,kiosko
2980,91,2025-01-11,1515.84,DOP,web
2981,86,2025-03-07,195.52,DOP,web
2982,98,2025-03-25,2564.69,DOP,web
2983,46,2025-02-21,2083.23,DOP,web
2984,28,2025-02-25,2387.25,DOP,callcenter
2985,30,2025-01-29,195.45,DOP,web
2986,137,2025-01-09,362.6,DOP,tienda
2987,101,2025-02-21,1381.17,DOP,tienda
2988,69,2025-03-30,1738.15,DOP,web
2989,74,2025-03-23,2473.43,DOP,web
2990,129,2025-01-24,3178.16,DOP,tienda
2991,62,2025-03-30,604.11,DOP,web
2992,117,2025-02-12,505.0,DOP,web
2993,6,2025-02-12,629.53,DOP,web
2994,195,2025-03-28,2987.28,DOP,callcenter
2995,1,2025-03-16,1714.19,DOP,web
2996,146,2025-01-03,2383.36,DOP,web
2997,43,2025-03-06,2644.92,DOP,web
2998,116,2025-02-12,1722.41,DOP,web
2999,125,2025-03-26,894.84,DOP,tienda
3000,182,2025-02-08,1174.75,DOP,tienda
3001,124,2025-03-18,403.54,DOP,tienda
3002,38,2025-01-03,3425.44,DOP,tienda
3003,92,2025-01-19,1747.43,DOP,tienda
3004,93,2025-02-25,730.01,DOP,kiosko
3005,164,2025-02-18,386.68,DOP,tienda
3006,116,2025-03-11,3455.79,DOP,web
3007,90,2025-03-28,3109.1,DOP,web
3008,80,2025-02-05,675.1,DOP,tienda
3009,32,2025-03-20,1522.77,DOP,callcenter
3010,74,2025-02-14,394.57,DOP,kiosko
3011,120,2025-01-19,2386.42,DOP,web
3012,171,2025-03-13,577.5,DOP,web
3013,4,2025-02-07,1593.97,DOP,tienda
3014,14,2025-01-16,1714.4,DOP,web
3015,13,2025-01-01,887.5,DOP,web
3016,171,2025-03-06,3355.25,DOP,callcenter
3017,37,2025-02-04,3485.74,DOP,tienda
3018,75,2025-01-11,773.81,DOP,web
3019,164,2025-03-28,1357.98,DOP,kiosko
3020,78,2025-02-03,2093.67,DOP,web
3021,206,2025-02-11,2027.8,DOP,web
3022,107,2025-01-18,1944.45,DOP,web
3023,161,2025-03-14,1619.43,DOP,tienda
3024,25,2025-02-25,493.75,DOP,web
3025,183,2025-03-29,1257.88,DOP,web
3026,119,2025-02-22,106.58,DOP,callcenter
3027,23,2025-02-23,2647.94,DOP,web
3028,149,2025-02-01,1797.6,DOP,web
3029,76,2025-03-14,196.84,DOP,web
3030,2,2025-03-27,1625.2,DOP,web
3031,22,2025-01-07,200.88,DOP,tienda
3032,153,2025-02-12,349.92,DOP,web
3033,16,2025-02-12,433.83,DOP,web
3034,180,2025-01-07,725.67,DOP,tienda
3035,35,2025-03-05,790.17,DOP,kiosko
3036,161,2025-02-08,1095.01,USD,web
3037,160,2025-03-04,2410.33,DOP,web
3038,31,2025-03-19,1824.18,DOP,web
3039,214,2025-01-04,1775.26,DOP,kiosko
3040,104,2025-02-08,1698.18,DOP,web
3041,67,2025-03-11,2877.69,DOP,kiosko
3042,32,2025-03-20,1518.91,DOP,web
3043,62,2025-03-26,606.01,DOP,web
3044,123,2025-03-02,1022.23,DOP,callcenter
3045,95,2025-03-05,2340.27,DOP,tienda
3046,119,2025-01-14,1464.97,DOP,web
3047,31,2025-02-28,1979.09,DOP,web
3048,167,2025-03-24,3127.34,DOP,web
3049,36,2025-02-15,1643.0,DOP,web
3050,92,2025-01-21,1757.23,DOP,web
3051,135,2025-04-01,1373.28,DOP,tienda
3052,168,2025-02-15,2520.04,DOP,tienda
3053,72,2025-01-18,2749.51,DOP,kiosko
3054,215,2025-01-09,2261.52,DOP,web
3055,47,2025-03-26,2020.38,USD,tienda
3056,67,2025-03-09,461.68,DOP,callcenter
3057,150,2025-02-14,2164.99,DOP,web
3058,60,2025-01-21,346.93,DOP,kiosko
3059,83,2025-03-02,2662.08,USD,tienda
3060,27,2025-01-31,3150.28,DOP,kiosko
3061,17,2025-02-23,226.12,DOP,web
3062,114,2025-01-10,2674.1,DOP,tienda
3063,83,2025-01-23,385.74,DOP,web
3064,147,2025-03-23,1952.07,DOP,web
3065,74,2025-03-28,796.98,DOP,web
3066,208,2025-03-09,2767.11,DOP,web
3067,25,2025-03-27,720.35,DOP,kiosko
3068,199,2025-02-16,1434.02,DOP,web
3069,175,2025-01-24,2557.62,USD,tienda
3070,49,2025-03-05,2915.09,DOP,web
3071,92,2025-02-15,2168.49,DOP,web
3072,113,2025-01-09,1502.02,DOP,web
3073,33,2025-01-11,2740.53,DOP,web
3074,14,2025-01-30,2109.2,DOP,web
3075,213,2025-02-07,887.32,DOP,web
3076,74,2025-01-21,270.97,DOP,kiosko
3077,129,2025-03-20,1099.72,DOP,web
3078,150,2025-01-15,1653.72,USD,web
3079,9,2025-01-04,1189.78,DOP,web
3080,36,2025-01-08,722.77,DOP,web
3081,16,2025-03-26,832.3,DOP,kiosko
3082,180,2025-03-20,2924.16,DOP,web
3083,107,2025-01-10,2097.54,DOP,web
3084,123,2025-03-12,3313.64,DOP,web
3085,128,2025-01-05,1781.54,DOP,web
3086,201,2025-02-08,2975.92,USD,web
3087,7,2025-01-08,2709.91,DOP,web
3088,175,2025-02-18,2395.75,DOP,web
3089,197,2025-02-19,1326.53,DOP,tienda
3090,36,2025-03-12,413.39,DOP,tienda
3091,91,2025-02-17,685.82,DOP,web
3092,24,2025-01-30,2064.27,DOP,tienda
3093,146,2025-03-10,169.77,DOP,kiosko
3094,209,2025-02-01,208.52,DOP,web
3095,12,2025-02-06,1106.3,DOP,kiosko
3096,34,2025-02-07,2125.37,DOP,web
3097,20,2025-01-10,883.19,DOP,web
3098,220,2025-02-15,778.8,DOP,kiosko
3099,75,2025-03-12,3042.71,DOP,kiosko
3100,179,2025-02-10,1899.55,DOP,web
3101,181,2025-02-22,3327.47,DOP,web
3102,216,2025-01-18,3416.03,DOP,tienda
3103,32,2025-01-27,1309.64,DOP,web
3104,179,2025-01-31,1546.57,DOP,callcenter
3105,128,2025-01-03,2928.77,DOP,tienda
3106,212,2025-02-08,3378.19,DOP,kiosko
3107,127,2025-02-19,75.78,DOP,web
3108,53,2025-01-29,1333.85,DOP,web
3109,79,2025-03-26,119.26,DOP,kiosko
3110,194,2025-03-19,3127.16,USD,kiosko
3111,56,2025-03-17,2652.81,DOP,tienda
3112,110,2025-02-25,2741.32,USD,tienda
3113,142,2025-01-14,1364.51,DOP,tienda
3114,119,2025-03-10,1489.18,DOP,tienda
3115,42,2025-02-03,3361.46,DOP,callcenter
3116,34,2025-01-31,3177.92,DOP,tienda
3117,22,2025-02-05,3495.83,DOP,web
3118,102,2025-03-15,144.74,DOP,web
3119,201,2025-02-02,2289.08,DOP,web
3120,146,2025-02-09,2316.11,DOP,tienda
3121,119,2025-02-26,70.26,DOP,web
3122,123,2025-02-15,2235.72,DOP,web
3123,21,2025-03-16,974.8,DOP,web
3124,113,2025-01-09,637.52,DOP,web
3125,33,2025-03-05,803.69,DOP,kiosko
3126,13,2025-03-25,822.03,DOP,web
3127,113,2025-03-06,2033.82,DOP,tienda
3128,183,2025-01-08,3471.98,USD,web
3129,139,2025-02-15,2516.93,DOP,web
3130,130,2025-01-10,1558.91,DOP,web
3131,147,2025-02-11,1306.04,DOP,web
3132,110,2025-03-24,3066.73,DOP,web
3133,86,2025-02-16,3413.09,DOP,web
3134,160,2025-02-07,118.74,DOP,web
3135,152,2025-01-20,99.12,DOP,tienda
3136,184,2025-03-07,2735.25,DOP,tienda
3137,56,2025-02-14,1332.15,DOP,tienda
3138,98,2025-01-20,2671.52,DOP,callcenter
3139,145,2025-01-29,1767.2,DOP,web
3140,138,2025-02-23,2568.33,DOP,web
3141,156,2025-01-07,1658.43,DOP,web
3142,50,2025-02-04,2927.67,DOP,web
3143,205,2025-02-01,2689.08,DOP,web
3144,178,2025-01-15,851.25,DOP,kiosko
3145,21,2025-02-16,1238.43,DOP,kiosko
3146,124,2025-03-25,2122.21,DOP,web
3147,212,2025-03-14,2895.48,DOP,web
3148,173,2025-02-22,2050.8,DOP,web
3149,88,2025-02-06,1105.32,DOP,web
3150,148,2025-01-19,1734.76,DOP,web
3151,117,2025-01-24,64.14,DOP,web
3152,183,2025-03-12,3256.14,DOP,web
3153,214,2025-01-05,1515.66,DOP,callcenter
3154,132,2025-01-17,3035.41,USD,kiosko
3155,33,2025-02-15,1414.09,DOP,tienda
3156,87,2025-01-16,3142.02,DOP,tienda
3157,28,2025-03-20,3479.53,DOP,tienda
3158,115,2025-02-15,3188.25,DOP,tienda
3159,75,2025-02-25,2654.23,DOP,tienda
3160,210,2025-03-17,3278.81,DOP,kiosko
3161,152,2025-03-17,1300.86,DOP,web
3162,46,2025-02-26,1785.25,DOP,kiosko
3163,60,2025-01-13,1047.75,DOP,tienda
3164,149,2025-03-09,1783.72,USD,web
3165,82,2025-02-19,2652.98,USD,web
3166,111,2025-01-27,1821.78,DOP,tienda
3167,89,2025-01-13,1003.92,DOP,web
3168,58,2025-02-26,3099.87,DOP,kiosko
3169,193,2025-03-19,380.36,DOP,web
3170,53,2025-01-13,1937.05,DOP,web
3171,11,2025-03-18,3359.9,DOP,tienda
3172,126,2025-01-01,2915.44,DOP,web
3173,110,2025-03-15,2564.99,DOP,tienda
3174,29,2025-02-07,2509.72,USD,web
3175,127,2025-02-25,928.07,DOP,callcenter
3176,30,2025-03-27,3389.85,DOP,tienda
3177,187,2025-01-29,269.48,DOP,web
3178,162,2025-02-28,2576.97,DOP,web
3179,81,2025-03-30,3124.03,DOP,web
3180,204,2025-04-01,1829.33,DOP,tienda
3181,10,2025-03-22,3322.65,DOP,web
3182,97,2025-03-17,3053.68,DOP,web
3183,39,2025-03-02,1700.93,DOP,web
3184,51,2025-01-17,2225.36,DOP,web
3185,1,2025-01-28,1525.77,DOP,tienda
3186,46,2025-04-01,145.46,DOP,tienda
3187,150,2025-03-22,829.16,DOP,web
3188,77,2025-01-24,2944.01,DOP,tienda
3189,204,2025-03-04,2208.8,DOP,web
3190,25,2025-02-07,774.07,USD,kiosko
3191,108,2025-02-06,3393.07,DOP,tienda
3192,46,2025-01-15,1631.93,DOP,web
3193,102,2025-03-31,2469.82,DOP,web
3194,154,2025-03-04,1447.89,DOP,web
3195,56,2025-03-06,3115.44,DOP,web
3196,67,2025-02-11,2365.71,DOP,tienda
3197,103,2025-02-24,919.84,DOP,web
3198,87,2025-01-29,2230.57,DOP,web
3199,147,2025-01-29,3065.92,DOP,tienda
3200,158,2025-01-15,2141.52,DOP,web
3201,206,2025-01-03,1333.37,DOP,web
3202,197,2025-02-15,2683.39,DOP,web
3203,93,2025-01-27,1878.8,USD,tienda
3204,184,2025-02-20,810.38,DOP,kiosko
3205,106,2025-02-12,762.5,DOP,kiosko
3206,217,2025-01-05,79.9,USD,web
3207,203,2025-02-20,1702.3,DOP,web
3208,162,2025-01-30,2705.72,DOP,web
3209,209,2025-01-16,2746.35,DOP,web
3210,22,2025-02-04,277.08,DOP,tienda
3211,6,2025-02-23,61.45,DOP,tienda
3212,25,2025-01-20,2578.2,DOP,web
3213,220,2025-03-19,1099.54,DOP,web
3214,78,2025-01-03,966.43,DOP,web
3215,148,2025-03-25,1655.19,DOP,web
3216,144,2025-02-22,982.17,DOP,tienda
3217,63,2025-03-06,1344.61,USD,tienda
3218,196,2025-02-17,1917.57,DOP,web
3219,102,2025-01-04,2701.51,DOP,web
3220,165,2025-01-14,1094.03,DOP,tienda
3221,25,2025-01-11,1967.49,DOP,kiosko
3222,64,2025-03-17,302.77,DOP,tienda
3223,186,2025-03-08,2940.38,DOP,web
3224,65,2025-03-05,1447.39,DOP,tienda
3225,83,2025-01-05,2414.6,DOP,kiosko
3226,177,2025-02-04,740.19,DOP,web
3227,81,2025-03-05,3358.57,DOP,web
3228,132,2025-03-03,1946.28,DOP,tienda
3229,109,2025-01-14,2450.4,DOP,tienda
3230,134,2025-01-21,2621.04,DOP,web
3231,10,2025-01-15,3100.4,DOP,tienda
3232,125,2025-03-09,498.13,DOP,web
3233,76,2025-01-02,420.37,USD,tienda
3234,70,2025-03-28,1833.46,DOP,web
3235,43,2025-03-25,503.9,DOP,web
3236,183,2025-03-20,1305.67,DOP,web
3237,85,2025-01-27,3245.51,DOP,kiosko
3238,43,2025-01-18,1840.08,DOP,web
3239,46,2025-02-23,534.72,DOP,callcenter
3240,180,2025-02-09,664.98,DOP,web
3241,25,2025-02-12,223.27,DOP,web
3242,163,2025-02-14,1961.45,DOP,tienda
3243,71,2025-01-25,1001.81,USD,web
3244,95,2025-02-09,2189.51,DOP,web
3245,165,2025-03-11,2311.19,DOP,web
3246,72,2025-01-28,632.36,DOP,web
3247,151,2025-03-08,2260.46,DOP,tienda
3248,155,2025-03-17,977.56,DOP,kiosko
3249,122,2025-03-27,740.48,DOP,web
3250,24,2025-01-28,3254.12,DOP,web
3251,1,2025-03-02,1138.45,DOP,web
3252,207,2025-03-07,1544.51,DOP,web
3253,195,2025-03-06,419.36,DOP,web
3254,181,2025-02-19,1665.93,DOP,web
3255,21,2025-03-09,3092.67,DOP,callcenter
3256,214,2025-03-23,979.3,DOP,web
3257,126,2025-02-26,2435.9,DOP,web
3258,167,2025-02-25,1225.15,DOP,web
3259,198,2025-03-01,2348.44,DOP,web
3260,49,2025-03-13,1344.78,DOP,tienda
3261,51,2025-01-02,1552.86,DOP,web
3262,85,2025-02-09,338.44,DOP,web
3263,156,2025-01-02,962.87,DOP,tienda
3264,12,2025-02-20,3485.13,DOP,web
3265,147,2025-01-08,2883.41,DOP,kiosko
3266,162,2025-03-19,1596.14,DOP,tienda
3267,193,2025-03-24,1914.1,DOP,web
3268,183,2025-03-20,544.64,DOP,kiosko
3269,22,2025-01-17,1474.31,DOP,web
3270,182,2025-03-23,227.52,DOP,web
3271,168,2025-01-25,2152.87,DOP,tienda
3272,182,2025-02-10,600.56,USD,tienda
3273,133,2025-02-16,59.46,DOP,web
3274,172,2025-03-27,224.58,DOP,tienda
3275,187,2025-01-19,940.56,DOP,web
3276,51,2025-03-19,2413.62,DOP,tienda
3277,80,2025-01-01,965.43,DOP,web
3278,215,2025-03-14,2440.06,DOP,web
3279,24,2025-01-15,646.93,DOP,web
3280,6,2025-03-22,2685.86,DOP,web
3281,118,2025-02-17,293.65,DOP,web
3282,165,2025-03-29,3299.87,DOP,tienda
3283,80,2025-01-17,196.14,DOP,web
3284,145,2025-01-18,1111.24,DOP,web
3285,46,2025-01-26,3427.68,DOP,web
3286,126,2025-01-12,1249.48,DOP,tienda
3287,116,2025-03-08,2904.96,DOP,web
3288,99,2025-03-16,553.41,DOP,callcenter
3289,89,2025-02-25,2264.57,DOP,web
3290,180,2025-02-13,3390.03,DOP,tienda
3291,24,2025-02-04,1801.32,DOP,web
3292,9,2025-02-03,3227.5,DOP,tienda
3293,36,2025-03-02,1640.69,DOP,tienda
3294,151,2025-03-26,3155.45,DOP,web
3295,3,2025-02-15,564.04,DOP,web
3296,48,2025-01-13,3196.89,DOP,web
3297,193,2025-01-24,85.91,DOP,web
3298,178,2025-03-15,1528.04,DOP,tienda
3299,186,2025-02-02,1312.52,DOP,tienda
3300,11,2025-02-08,3397.97,DOP,tienda
3301,28,2025-03-06,1479.24,DOP,callcenter
3302,152,2025-02-21,109.66,DOP,kiosko
3303,179,2025-03-18,3300.53,DOP,callcenter
3304,34,2025-01-18,2325.29,DOP,web
3305,80,2025-01-12,2777.09,DOP,web
3306,43,2025-02-20,1617.45,DOP,web
3307,78,2025-01-23,1083.27,DOP,kiosko
3308,24,2025-02-25,2537.23,DOP,tienda
3309,2,2025-02-17,1675.93,DOP,web
3310,101,2025-03-29,2448.74,USD,tienda
3311,181,2025-03-01,857.17,USD,web
3312,196,2025-02-10,3274.07,DOP,web
3313,210,2025-02-06,2364.88,DOP,tienda
3314,19,2025-03-10,1220.57,DOP,callcenter
3315,57,2025-01-04,3100.7,DOP,web
3316,88,2025-02-16,1760.08,DOP,tienda
3317,20,2025-02-20,2263.06,DOP,web
3318,78,2025-01-28,1529.55,DOP,tienda
3319,39,2025-02-24,1004.52,DOP,tienda
3320,67,2025-01-05,3355.21,DOP,web
3321,133,2025-03-29,2921.47,DOP,web
3322,188,2025-03-29,363.9,DOP,tienda
3323,42,2025-01-02,1123.4,DOP,web
3324,3,2025-02-28,1706.63,USD,web
3325,78,2025-01-07,1493.18,DOP,web
3326,129,2025-02-27,1311.16,DOP,web
3327,94,2025-03-10,399.74,DOP,web
3328,173,2025-02-19,289.23,DOP,kiosko
3329,152,2025-04-01,909.85,DOP,tienda
3330,112,2025-02-28,179.42,DOP,web
3331,118,2025-03-04,1291.19,DOP,tienda
3332,109,2025-02-02,1187.74,DOP,tienda
3333,69,2025-03-11,633.76,DOP,web
3334,77,2025-02-11,2229.58,DOP,web
3335,137,2025-01-05,2587.99,DOP,web
3336,33,2025-01-13,2546.49,DOP,web
3337,89,2025-02-05,3401.77,DOP,web
3338,146,2025-03-09,1609.88,DOP,web
3339,156,2025-01-19,3419.18,DOP,kiosko
3340,132,2025-02-18,3431.13,DOP,kiosko
3341,109,2025-02-08,1408.58,DOP,tienda
3342,191,2025-03-25,3091.41,DOP,web
3343,204,2025-01-15,678.84,DOP,web
3344,139,2025-03-07,2991.31,DOP,tienda
3345,147,2025-02-17,1660.49,DOP,web
3346,200,2025-03-30,658.14,DOP,web
3347,47,2025-02-21,2376.95,DOP,web
3348,201,2025-01-03,1455.99,DOP,web
3349,203,2025-03-18,3415.88,DOP,web
3350,182,2025-01-03,1142.88,DOP,web
3351,212,2025-03-19,1617.65,DOP,tienda
3352,100,2025-03-11,1669.85,DOP,web
3353,89,2025-02-10,2880.97,DOP,kiosko
3354,54,2025-03-05,1867.52,DOP,web
3355,9,2025-02-21,2315.84,DOP,web
3356,144,2025-03-04,3447.47,DOP,tienda
3357,95,2025-03-09,1071.07,DOP,web
3358,8,2025-03-01,554.09,DOP,tienda
3359,111,2025-03-14,1459.72,DOP,tienda
3360,143,2025-02-06,2606.74,USD,web
3361,34,2025-03-10,1330.72,USD,web
3362,56,2025-02-20,747.46,DOP,web
3363,197,2025-01-21,2723.56,DOP,web
3364,91,2025-02-22,2631.97,DOP,tienda
3365,198,2025-02-10,1277.48,DOP,kiosko
3366,196,2025-03-23,2230.38,DOP,web
3367,220,2025-01-29,1419.84,DOP,web
3368,41,2025-02-27,3234.45,DOP,web
3369,213,2025-03-10,1175.85,DOP,web
3370,99,2025-01-13,2034.75,DOP,web
3371,163,2025-01-25,111.35,DOP,tienda
3372,21,2025-03-06,2102.49,DOP,kiosko
3373,157,2025-02-11,882.29,DOP,web
3374,95,2025-01-12,89.29,DOP,tienda
3375,142,2025-02-19,1794.56,DOP,kiosko
3376,95,2025-02-28,2533.48,DOP,web
3377,83,2025-01-26,472.95,DOP,web
3378,119,2025-03-15,1612.58,DOP,web
3379,204,2025-01-31,627.3,DOP,tienda
3380,215,2025-03-19,1166.09,USD,web
3381,185,2025-03-01,3369.03,DOP,web
3382,105,2025-03-28,3036.05,USD,kiosko
3383,201,2025-01-10,1465.64,DOP,tienda
3384,184,2025-01-16,2720.32,DOP,web
3385,113,2025-01-04,1688.02,DOP,web
3386,213,2025-02-20,2879.88,DOP,web
3387,162,2025-03-07,2277.21,DOP,web
3388,217,2025-01-19,926.12,DOP,tienda
3389,185,2025-01-15,599.65,DOP,web
3390,204,2025-02-01,1694.24,DOP,web
3391,19,2025-03-30,1609.26,DOP,tienda
3392,88,2025-02-03,1040.57,DOP,tienda
3393,67,2025-03-31,1993.13,DOP,tienda
3394,134,2025-01-19,1016.62,DOP,web
3395,183,2025-02-16,1026.35,USD,web
3396,79,2025-03-23,1668.74,DOP,web
3397,33,2025-03-30,521.38,DOP,web
3398,59,2025-03-23,107.74,DOP,web
3399,4,2025-03-16,915.38,DOP,tienda
3400,104,2025-03-08,1674.64,USD,callcenter
3401,119,,2259.91,DOP,tienda
3402,178,,851.25,DOP,kiosko
3403,191,2025-02-13,"1,403.70",DOP,web
3404,148,2025-02-09,"1,211.80",DOP,tienda
3405,189,2025-03-05,706.84,DOP,kiosko
3406,137,2025/03/28,764.42,DOP,tienda
3407,48,,1514.12,DOP,web
3408,123,2025-03-28,-3207.41,DOP,tienda
3409,134,2025-03-11,N/A,DOP,tienda
3410,158,2025-03-24,-3215.94,DOP,web
3411,175,2025-01-16,N/A,DOP,tienda
3412,149,2025-02-27,445.64,USD,kiosko
3413,147,2025/03/30,1368.09,DOP,tienda
3414,212,2025-03-14,N/A,DOP,web
3415,82,,1894.35,DOP,web
3416,,2025-01-31,2045.87,DOP,web
3417,219,,1588.18,DOP,web
3418,9,04-01-2025,1189.78,DOP,web
3419,203,22-01-2025,917.43,DOP,callcenter
3420,53,2025-02-10,"1,303.76",DOP,tienda
3421,188,2025-03-29,N/A,DOP,tienda
3422,14,2025-02-14,-2251.49,DOP,web
3423,219,2025-01-24,N/A,DOP,tienda
3424,183,2025-02-19,"3,028.19",DOP,web
3425,199,2025/03/29,620.05,USD,tienda
3426,156,2025-02-10,9999999.99,DOP,web
